Workbook
Name SpeedFaktor: '000'!$E$16

Sheet 000
A1: StepNumber | B1: Action | C1: TestData | D1: Screenshot | F1: video | G1: =5*60*1000*SpeedFaktor -> 300000 | H1: 500 | S1: Testresult | T1: 09.12.2024 10:35:06 | U1: 09.12.2024 11:14:33 | V1: Run Time Step (ms) 26.06.2025 23:17:01 | W1: Hoch | X1: Run Time Step (ms) 27.06.2025 10:30:47 | Y1: Hoch | Z1: Run Time Step (ms) 30.06.2025 14:38:55 | AA1: Hoch | AB1: Run Time Step (ms) 30.06.2025 19:22:09 | AC1: Hoch | AD1: Run Time Step (ms) 30.06.2025 20:14:13 | AE1: Hoch | AF1: Run Time Step (ms) 04.07.2025 23:23:59 | AG1: Hoch | AH1: 07.08.2025 19:32:03 | AI1: Message | AJ1: 07.08.2025 19:34:23 | AK1: Message | AL1: 07.08.2025 20:58:26 | AM1: Message | AN1: 07.08.2025 21:27:48 | AO1: Message | AP1: 08.08.2025 08:12:28 | AQ1: Message | AR1: 08.08.2025 08:21:51 | AS1: Message | AT1: 08.08.2025 08:53:08 | AU1: Message | AV1: 08.08.2025 08:54:16 | AW1: Message | AX1: 08.08.2025 09:01:35 | AY1: Message | AZ1: 08.08.2025 10:01:53 | BA1: Message | BB1: 08.08.2025 10:15:35 | BC1: Message | BD1: 08.08.2025 10:41:56 | BE1: Message | BF1: 08.08.2025 10:51:24 | BG1: Message | BH1: 08.08.2025 11:00:00 | BI1: Message | BJ1: 19.08.2025 08:51:10 | BK1: Message | BL1: 27.08.2025 20:22:29 | BM1: Message | BN1: 27.08.2025 22:18:08 | BO1: Message | BP1: 28.08.2025 07:17:13 | BQ1: Message | BR1: 28.08.2025 07:22:34 | BS1: Message
A2: 1 | B2: L00_URLAventis | C2: {"url":p.aventisURL} | T2: 3063 | U2: 1257 | V2: 955 | W2: =V2/$T2 -> 0.31178583 | X2: 869 | Y2: =X2/$T2 -> 0.28370878 | Z2: 1139 | AA2: =Z2/$T2 -> 0.37185766 | AB2: 1036 | AC2: =AB2/$T2 -> 0.33823049 | AD2: 1365 | AE2: =AD2/$AD2 -> 1 | AF2: 578 | AG2: =AF2/$T2 -> 0.18870389 | AH2: 1536 | AJ2: 1579 | AL2: 1694 | AN2: 1577 | AP2: 1530 | AR2: 1597 | AT2: 1577 | AV2: 1537 | AX2: 1741 | AZ2: 1556 | BB2: 1556 | BD2: 1584 | BF2: 1619 | BH2: 1570 | BJ2: 1517 | BL2: 924 | BN2: 948 | BP2: 895 | BR2: 1212
A3: 3 | B3: M01_LoginMSOnline | C3: {"username":"aventis-test-aml@diartis.ch","password":"E7Qr=3cTiz$8Q!","fullname":"Test AmtsleiterIn Aventis","team":"Superuser"} | T3: 7444 | U3: 8520 | V3: 4134 | W3: =V3/$T3 -> 0.55534659 | X3: 4061 | Y3: =X3/$T3 -> 0.54554003 | Z3: 9115 | AA3: =Z3/$T3 -> 1.2244761 | AB3: 14909 | AC3: =AB3/$T3 -> 2.0028211 | AD3: 13083 | AE3: =AD3/$AD3 -> 1 | AF3: 3579 | AG3: =AF3/$T3 -> 0.4807899 | AH3: 5988 | AJ3: 5325 | AL3: 7119 | AN3: 6887 | AP3: 6478 | AR3: 5652 | AT3: 6187 | AV3: 7178 | AX3: 6887 | AZ3: 5810 | BB3: 7446 | BD3: 6682 | BF3: 5985 | BH3: 5513 | BJ3: 5105 | BL3: 6005 | BN3: 7947 | BP3: 5962 | BR3: 7666
A4: 4 | B4: L05_Check_VersionNumber | C4: =E4 -> {"username":"Bern.Sachbearbeiterin@diartis.ch","password":"XXxa22?pdTA66-S@","url":p.AventisURL,"version":"2025.4.244-dev"} | D4: yes | E4: =F4&G4&H4&I4&J4&K4&L4&M4&N4&O4&P4 -> {"username":"Bern.Sachbearbeiterin@diartis.ch","password":"XXxa22?pdTA66-S@","url":p.AventisURL,"version":"2025.4.244-dev"} | F4: {"username":" | G4: Bern.Sachbearbeiterin@diartis.ch | H4: ","password":" | I4: XXxa22?pdTA66-S@ | J4: ","url": | K4: p.AventisURL | L4: ,"version":" | M4: 2025.4.244-dev | N4: "} | R4: seriell | T4: 447 | U4: 0 | V4: 891 | W4: =V4/$T4 -> 1.9932886 | X4: 793 | Y4: =X4/$T4 -> 1.7740492 | Z4: 1069 | AA4: =Z4/$T4 -> 2.3914989 | AB4: 710 | AC4: =AB4/$T4 -> 1.5883669 | AD4: 1479 | AE4: =AD4/$AD4 -> 1 | AF4: 0 | AG4: =AF4/$T4 -> 0 | AH4: 752 | AJ4: 0 | AK4: TypeError: Cannot destructure property 'version' of 'undefined' as it is undefined. Screenshots: C:\Aventis\Aventis_Playwright-\test-results\videos\007_KeyWords_Smoketest-000-000-Microsoft-Edge\test-failed-1.png Videos: C:\Aventis\Aventis_Playwright-\test-results\videos\007_KeyWords_Smoketest-000-000-Microsoft-Edge\video.webm | AL4: 883 | AN4: 786 | AP4: 836 | AR4: 860 | AT4: 713 | AV4: 0 | AW4: TypeError: Cannot destructure property 'version' of 'undefined' as it is undefined. Screenshots: C:\Aventis\Aventis_Playwright-\test-results\videos\007_KeyWords_Smoketest-000-000-Microsoft-Edge\test-failed-1.png Videos: C:\Aventis\Aventis_Playwright-\test-results\videos\007_KeyWords_Smoketest-000-000-Microsoft-Edge\video.webm | AX4: 679 | AZ4: 471 | BB4: 457 | BD4: 673 | BF4: 2154 | BH4: 673 | BJ4: 0 | BK4: Error: [31mTimed out 10000ms waiting for [39m[2mexpect([22m[31mlocator[39m[2m).[22mtoHaveText[2m([22m[32mexpected[39m[2m)[22mLocator: locator('div.versions-container.ng-star-inserted').locator('span.version-row')Expected string: [32m"2025.4.[7m141[27m-dev"[39mReceived string: [31m"2025.4.[7m244[27m-dev"[39mCall log:[2m - Expect "soft toHaveText" with timeout 10000ms[22m[2m - waiting for locator('div.versions-container.ng-star-inserted').locator('span.version-row')[22m[2m 11 × locator resolved to <span class="version-row" _ngcontent-ng-c3803718529="">2025.4.244-dev</span>[22m[2m - unexpected value "2025.4.244-dev"[22m Screenshots: C:\Aventis\Aventis_Playwright-\test-results\videos\007_KeyWords_Smoketest-000-000-Microsoft-Edge\test-failed-1.png Videos: C:\Aventis\Aventis_Playwright-\test-results\videos\007_KeyWords_Smoketest-000-000-Microsoft-Edge\video.webm | BL4: 513 | BN4: 353 | BP4: 0 | BQ4: TypeError: Cannot destructure property 'version' of 'undefined' as it is undefined. Screenshots: C:\Aventis\Aventis_Playwright-\test-results\videos\007_KeyWords_Smoketest-000-000-Microsoft-Edge\test-failed-1.png Videos: C:\Aventis\Aventis_Playwright-\test-results\videos\007_KeyWords_Smoketest-000-000-Microsoft-Edge\video.webm | BR4: 0 | BS4: TypeError: Cannot destructure property 'version' of 'undefined' as it is undefined. Screenshots: C:\Aventis\Aventis_Playwright-\test-results\videos\007_KeyWords_Smoketest-000-000-Microsoft-Edge\test-failed-1.png Videos: C:\Aventis\Aventis_Playwright-\test-results\videos\007_KeyWords_Smoketest-000-000-Microsoft-Edge\video.webm
D16: SpeedFaktor | E16: 1

Sheet 02-E2E
A1: StepNumber | B1: Action | C1: TestData | D1: Screenshot | E1: done | F1: video | G1: =5*60*1000*SpeedFaktor -> 300000 | H1: 10 | AG1: Testresult | AH1: (ms) 26.06.2025 20:17:23 | AI1: Message 26.06.2025 20:17:23 | AJ1: (ms) 26.06.2025 23:17:01 | AK1: Hoch | AL1: (ms) 27.06.2025 10:30:47 | AM1: Message 27.06.2025 10:30:47 | AN1: (ms) 30.06.2025 14:38:55 | AO1: Message 30.06.2025 14:38:55 | AP1: (ms) 30.06.2025 19:22:09 | AQ1: Hoch | AR1: (ms) 30.06.2025 20:14:13 | AS1: Hoch | AT1: (ms) 04.07.2025 23:23:59 | AU1: Hoch | AV1: 21.07.2025 20:10:18 | AW1: Hoch | AX1: 21.07.2025 23:53:59
A2: 1 | B2: L00_URLAventis | C2: {"url":p.aventisURL} | E2: =F2&G2&H2&I2&J2&K2&L2&M2&N2&O2&P2&Q2&R2&S2&T2&U2&V2&W2&X2 -> {"url":"https://dev.aventis.swiss"} | F2: {"url":" | G2: https://dev.aventis.swiss | H2: "} | AH2: 268 | AJ2: 337 | AK2: =AJ2/$AH2 -> 1.2574627 | AL2: 271 | AN2: 513 | AP2: 508 | AQ2: =AP2/$AH2 -> 1.8955224 | AR2: 1200 | AS2: =AR2/$AH2 -> 4.4776119 | AT2: 632 | AU2: =AT2/$AH2 -> 2.358209 | AV2: 293 | AW2: =AV2/$AH2 -> 1.0932836 | AX2: 259
A3: 2 | B3: E01_Delay | C3: {"Pause":"3000"} | E3: =F3&G3&H3&I3&J3&K3&L3&M3&N3&O3&P3&Q3&R3&S3&T3&U3&V3&W3&X3 -> {"url":"https://dev.aventis.swiss"} | F3: {"url":" | G3: https://dev.aventis.swiss | H3: "} | AH3: 1028 | AJ3: 1091 | AK3: =AJ3/$AH3 -> 1.061284 | AL3: 1001 | AN3: 1085 | AP3: 1404 | AQ3: =AP3/$AH3 -> 1.3657588 | AR3: 1120 | AS3: =AR3/$AH3 -> 1.0894942 | AT3: 569 | AU3: =AT3/$AH3 -> 0.55350195 | AV3: 1121 | AW3: =AV3/$AH3 -> 1.0904669 | AX3: 1006
A4: 2 | B4: M01_LoginMSOnline | C4: =E4 -> {"username":"bern.sozialarbeiterin1a@diartis.ch","password":"SMze97-jkSJ59!F.","fullname":"Sozialarbeiterin 1A Bern","team":"Sozialarbeit Bern 1"} | E4: =F4&G4&H4&I4&J4&K4&L4&M4&N4&O4&P4&Q4&R4&S4&T4&U4&V4&W4&X4 -> {"username":"bern.sozialarbeiterin1a@diartis.ch","password":"SMze97-jkSJ59!F.","fullname":"Sozialarbeiterin 1A Bern","team":"Sozialarbeit Bern 1"} | F4: {"username":" | G4: bern.sozialarbeiterin1a@diartis.ch | H4: ","password":" | I4: SMze97-jkSJ59!F. | J4: ","fullname":" | K4: Sozialarbeiterin 1A Bern | L4: ","team":" | M4: Sozialarbeit Bern 1 | N4: "} | AH4: 3012 | AJ4: 3014 | AK4: =AJ4/$AH4 -> 1.000664 | AL4: 3004 | AN4: 3033 | AP4: 3021 | AQ4: =AP4/$AH4 -> 1.002988 | AR4: 3046 | AS4: =AR4/$AH4 -> 1.0112882 | AT4: 3010 | AU4: =AT4/$AH4 -> 0.99933599 | AV4: 3008 | AW4: =AV4/$AH4 -> 0.99867198 | AX4: 3018
A5: 3 | B5: P01_Person_Search | C5: =E5 -> {"name":p.FamilyName2,"vorname":p.ManFirstName2,"ahvNumber":"","geburtsdatum":""} | E5: =F5&G5&H5&I5&J5&K5&L5&M5&N5&O5&P5&Q5&R5&S5&T5&U5&V5&W5&X5 -> {"name":p.FamilyName2,"vorname":p.ManFirstName2,"ahvNumber":"","geburtsdatum":""} | F5: {"name": | G5: =G45 -> p.FamilyName2 | H5: ,"vorname": | I5: =H$44 -> p.ManFirstName2 | J5: ,"ahvNumber":"" | L5: ,"geburtsdatum":" | N5: "} | Y5: B - Aufenthalterin / Aufenthalter | AH5: 4526 | AJ5: 4447 | AK5: =AJ5/$AH5 -> 0.98254529 | AL5: 5688 | AN5: 11496 | AP5: 11052 | AQ5: =AP5/$AH5 -> 2.4418913 | AR5: 17524 | AS5: =AR5/$AH5 -> 3.8718515 | AT5: 3672 | AU5: =AT5/$AH5 -> 0.81131242 | AV5: 4852 | AW5: =AV5/$AH5 -> 1.0720283 | AX5: 4692
A6: 4 | B6: P05_Person_Create_Manual_Complete | C6: =E6 -> {"name":p.FamilyName2,"vorname":p.ManFirstName2,"ahvNumber":p.AHVNumber5,"language":"Deutsch","zivilstand":"ledig","zivilStandSeit":"28.07.2025","geburtsdatum":"4.5.1962","national":"Frankreich","gender":"männlich","aufenthalt":"","aufGultigVon":"03.10.2025","aufGueltigBis":"13.02.2026"} | E6: =F6&G6&H6&I6&J6&K6&L6&M6&N6&O6&P6&Q6&R6&S6&T6&U6&V6&W6&X6&Y6&Z6&AA6&AB6&AC6&AD6&AE6 -> {"name":p.FamilyName2,"vorname":p.ManFirstName2,"ahvNumber":p.AHVNumber5,"language":"Deutsch","zivilstand":"ledig","zivilStandSeit":"28.07.2025","geburtsdatum":"4.5.1962","national":"Frankreich","gender":"männlich","aufenthalt":"","aufGultigVon":"03.10.2025","aufGueltigBis":"13.02.2026"} | F6: {"name": | G6: =G5 -> p.FamilyName2 | H6: ,"vorname": | I6: =H$44 -> p.ManFirstName2 | J6: ,"ahvNumber": | K6: =I44 -> p.AHVNumber5 | L6: ,"language":" | M6: Deutsch | N6: ","zivilstand":" | O6: ledig | P6: ","zivilStandSeit":" | Q6: =TEXT(TEXT(TODAY()-100,"DD")&"."&TEXT(TODAY()-100,"MM")&"."&TEXT(TODAY()-100,"YYYY"),"DD.MM.YYYY") -> 28.07.2025 | R6: ","geburtsdatum":" | S6: =TEXT(RANDBETWEEN(1,28)&"."&RANDBETWEEN(1,12)&"."&TEXT(TODAY()-23115,"YYYY"),"DD.MM.YYYY") -> 4.5.1962 | T6: ","national":" | U6: Frankreich | V6: ","gender":" | W6: männlich | X6: ","aufenthalt":" | Z6: ","aufGultigVon":" | AA6: =TEXT(TEXT(TODAY()-33,"DD")&"."&TEXT(TODAY()-33,"MM")&"."&TEXT(TODAY()-33,"YYYY"),"DD.MM.YYYY") -> 03.10.2025 | AB6: ","aufGueltigBis":" | AC6: =TEXT(TEXT(TODAY()+100,"DD")&"."&TEXT(TODAY()+100,"MM")&"."&TEXT(TODAY()+100,"YYYY"),"DD.MM.YYYY") -> 13.02.2026 | AD6: "} | AH6: 2086 | AJ6: 1871 | AK6: =AJ6/$AH6 -> 0.89693193 | AL6: 1804 | AN6: 4532 | AP6: 4671 | AQ6: =AP6/$AH6 -> 2.2392138 | AR6: 4104 | AS6: =AR6/$AH6 -> 1.9674017 | AT6: 1293 | AU6: =AT6/$AH6 -> 0.6198466 | AV6: 2003 | AW6: =AV6/$AH6 -> 0.96021093 | AX6: 2059
A7: 5 | B7: P10_Person_Communikation_Complete | C7: =E7 -> {"mobile":"079 5571045","privateNumber":"079 5480880","email":"6684abc@gmail.com"} | E7: =F7&G7&H7&I7&J7&K7&L7&M7&N7&O7&P7&Q7&R7&S7&T7&U7&V7&W7&X7 -> {"mobile":"079 5571045","privateNumber":"079 5480880","email":"6684abc@gmail.com"} | F7: {"mobile":" | G7: ="079 "&RANDBETWEEN(5234500,5699999) -> 079 5571045 | H7: ","privateNumber":" | I7: ="079 "&RANDBETWEEN(5234500,5699999) -> 079 5480880 | J7: ","email":" | K7: =RANDBETWEEN(1111,9999)&"abc@gmail.com" -> 6684abc@gmail.com | L7: "} | AH7: 3047 | AJ7: 2990 | AK7: =AJ7/$AH7 -> 0.98129308 | AL7: 2746 | AN7: 4852 | AP7: 5139 | AQ7: =AP7/$AH7 -> 1.686577 | AR7: 5398 | AS7: =AR7/$AH7 -> 1.7715786 | AT7: 2266 | AU7: =AT7/$AH7 -> 0.74368231 | AV7: 3094 | AW7: =AV7/$AH7 -> 1.015425 | AX7: 3218
A8: 6 | B8: P15_Person_Adress | C8: =E8 -> {"zusatz":"","strasse":"Strasse_792","houseNumber":"13","ort":"3053 Münchenbuchsee","validDate":"22.12.2021"} | E8: =F8&G8&H8&I8&J8&K8&L8&M8&N8&O8&P8&Q8&R8&S8&T8&U8&V8&W8&X8 -> {"zusatz":"","strasse":"Strasse_792","houseNumber":"13","ort":"3053 Münchenbuchsee","validDate":"22.12.2021"} | F8: {"zusatz":" | H8: ","strasse":" | I8: ="Strasse_"&RANDBETWEEN(1,1000) -> Strasse_792 | J8: ","houseNumber":" | K8: =RANDBETWEEN(1,100) -> 13 | L8: ","ort":" | M8: 3053 Münchenbuchsee | N8: ","validDate":" | O8: =TEXT(RANDBETWEEN(1,28)&"."&RANDBETWEEN(1,12)&"."&TEXT(TODAY()-4*365,"YYYY"),"DD.MM.YYYY") -> 22.12.2021 | P8: "} | AH8: 378 | AJ8: 234 | AK8: =AJ8/$AH8 -> 0.61904762 | AL8: 276 | AN8: 846 | AP8: 770 | AQ8: =AP8/$AH8 -> 2.037037 | AR8: 1011 | AS8: =AR8/$AH8 -> 2.6746032 | AT8: 284 | AU8: =AT8/$AH8 -> 0.75132275 | AV8: 304 | AW8: =AV8/$AH8 -> 0.8042328 | AX8: 324
A9: 7 | B9: P20_Person_ZahlungsVerbindung | C9: {"iban":"CH21 0078 9100 0000 2920 0"} | AH9: 4861 | AJ9: 4692 | AK9: =AJ9/$AH9 -> 0.96523349 | AL9: 4723 | AN9: 5140 | AP9: 6034 | AQ9: =AP9/$AH9 -> 1.2413084 | AR9: 5993 | AS9: =AR9/$AH9 -> 1.2328739 | AT9: 4678 | AU9: =AT9/$AH9 -> 0.96235343 | AV9: 5041 | AW9: =AV9/$AH9 -> 1.0370294 | AX9: 4960
A10: 8 | B10: P30_Person_Uebernehmen | AH10: 81 | AJ10: 94 | AK10: =AJ10/$AH10 -> 1.1604938 | AL10: 95 | AN10: 588 | AP10: 569 | AQ10: =AP10/$AH10 -> 7.0246914 | AR10: 321 | AS10: =AR10/$AH10 -> 3.962963 | AT10: 129 | AU10: =AT10/$AH10 -> 1.5925926 | AV10: 86 | AW10: =AV10/$AH10 -> 1.0617284 | AX10: 105
A11: 9 | B11: H01_Haushalt_Uebernehmen_Zustaendigkeit | C11: =E11 -> {"zust_Gemeinde":"Münchenbuchsee","zust_SozTeam":"Sozialarbeit Bern 1","zust_SozMitarbeiter":"Bern Sozialarbeiterin 1A","zust_SachbTeam":"Sachbearbeitung Bern","zust_SachbMitarbeiter":"Bern Sachbearbeiterin"} | E11: =F11&G11&H11&I11&J11&K11&L11&M11&N11&O11&P11&Q11&R11&S11&T11&U11&V11&W11&X11 -> {"zust_Gemeinde":"Münchenbuchsee","zust_SozTeam":"Sozialarbeit Bern 1","zust_SozMitarbeiter":"Bern Sozialarbeiterin 1A","zust_SachbTeam":"Sachbearbeitung Bern","zust_SachbMitarbeiter":"Bern Sachbearbeiterin"} | F11: {"zust_Gemeinde":" | G11: Münchenbuchsee | H11: ","zust_SozTeam":" | I11: Sozialarbeit Bern 1 | J11: ","zust_SozMitarbeiter":" | K11: Bern Sozialarbeiterin 1A | L11: ","zust_SachbTeam":" | M11: Sachbearbeitung Bern | N11: ","zust_SachbMitarbeiter":" | O11: Bern Sachbearbeiterin | P11: "} | AH11: 1159 | AJ11: 1171 | AK11: =AJ11/$AH11 -> 1.0103538 | AL11: 1205 | AN11: 1426 | AP11: 1553 | AQ11: =AP11/$AH11 -> 1.3399482 | AR11: 1799 | AS11: =AR11/$AH11 -> 1.5522002 | AT11: 1229 | AU11: =AT11/$AH11 -> 1.0603969 | AV11: 1204 | AW11: =AV11/$AH11 -> 1.0388266 | AX11: 1221
A12: 10 | B12: D01_Dossier_Eroeffnen | C12: =E12 -> {"dossierBezeichnung":p.DossierName2,"eroeffnetAm":"05.11.2025","dossierSprache":"Deutsch"} | D12: yes | E12: =F12&G12&H12&I12&J12&K12&L12&M12&N12&O12&P12&Q12&R12&S12&T12&U12&V12&W12&X12 -> {"dossierBezeichnung":p.DossierName2,"eroeffnetAm":"05.11.2025","dossierSprache":"Deutsch"} | F12: {"dossierBezeichnung": | G12: =G44 -> p.DossierName2 | H12: ,"eroeffnetAm":" | I12: =TEXT(TEXT(TODAY(),"DD")&"."&TEXT(TODAY(),"MM")&"."&TEXT(TODAY(),"YYYY"),"DD.MM.YYYY") -> 05.11.2025 | J12: ","dossierSprache":" | K12: Deutsch | L12: "} | AH12: 4199 | AJ12: 4049 | AK12: =AJ12/$AH12 -> 0.96427721 | AL12: 4080 | AN12: 4423 | AP12: 4546 | AQ12: =AP12/$AH12 -> 1.0826387 | AR12: 4547 | AS12: =AR12/$AH12 -> 1.0828769 | AT12: 3596 | AU12: =AT12/$AH12 -> 0.85639438 | AV12: 4073 | AW12: =AV12/$AH12 -> 0.96999286 | AX12: 4404
A13: 11 | B13: BW04_ZahlungsVerbindung_Freigeben | C13: =E13 -> {"dossierInstitution":p.DossierName2,"klientschaft":`${p.FamilyName2}, ${p.ManFirstName2}`,"buttonBewilligung":"Anfragen","checkStatus":"In Bearbeitung"} | E13: =F13&G13&H13&I13&J13&K13&L13&M13&N13&O13&P13&Q13&R13&S13&T13&U13&V13&W13&X13 -> {"dossierInstitution":p.DossierName2,"klientschaft":`${p.FamilyName2}, ${p.ManFirstName2}`,"buttonBewilligung":"Anfragen","checkStatus":"In Bearbeitung"} | F13: {"dossierInstitution": | G13: =G12 -> p.DossierName2 | H13: ,"klientschaft":` | I13: =I23 -> ${p.FamilyName2}, ${p.ManFirstName2} | J13: `,"buttonBewilligung":" | K13: Anfragen | L13: ","checkStatus":" | M13: In Bearbeitung | N13: "} | AH13: 1522 | AJ13: 1540 | AK13: =AJ13/$AH13 -> 1.0118265 | AL13: 1480 | AN13: 1388 | AP13: 1517 | AQ13: =AP13/$AH13 -> 0.99671485 | AR13: 1581 | AS13: =AR13/$AH13 -> 1.0387648 | AT13: 1114 | AU13: =AT13/$AH13 -> 0.73193167 | AV13: 938 | AW13: =AV13/$AH13 -> 0.61629435 | AX13: 962
A14: 12 | B14: L03_LogoutAndLoginDiffAccount | C14: =E14 -> {"username":"Bern.Sachbearbeiterin@diartis.ch","password":"XXxa22?pdTA66-S@"} | E14: =F14&G14&H14&I14&J14&K14&L14&M14&N14&O14&P14&Q14&R14&S14&T14&U14&V14&W14&X14 -> {"username":"Bern.Sachbearbeiterin@diartis.ch","password":"XXxa22?pdTA66-S@"} | F14: {"username":" | G14: Bern.Sachbearbeiterin@diartis.ch | H14: ","password":" | I14: XXxa22?pdTA66-S@ | J14: "} | AH14: 10701 | AJ14: 10596 | AK14: =AJ14/$AH14 -> 0.99018783 | AL14: 10449 | AN14: 15172 | AP14: 13669 | AQ14: =AP14/$AH14 -> 1.2773573 | AR14: 15047 | AS14: =AR14/$AH14 -> 1.4061303 | AT14: 9450 | AU14: =AT14/$AH14 -> 0.88309504 | AV14: 10572 | AW14: =AV14/$AH14 -> 0.98794505 | AX14: 10072
A15: 13 | B15: BW04_ZahlungsVerbindung_Freigeben | C15: =E15 -> {"dossierInstitution":p.DossierName2,"klientschaft":`${p.FamilyName2}, ${p.ManFirstName2}`,"buttonBewilligung":"Bewilligen","checkStatus":"Bewilligt"} | E15: =F15&G15&H15&I15&J15&K15&L15&M15&N15&O15&P15&Q15&R15&S15&T15&U15&V15&W15&X15 -> {"dossierInstitution":p.DossierName2,"klientschaft":`${p.FamilyName2}, ${p.ManFirstName2}`,"buttonBewilligung":"Bewilligen","checkStatus":"Bewilligt"} | F15: {"dossierInstitution": | G15: =G13 -> p.DossierName2 | H15: ,"klientschaft":` | I15: =I23 -> ${p.FamilyName2}, ${p.ManFirstName2} | J15: `,"buttonBewilligung":" | K15: Bewilligen | L15: ","checkStatus":" | M15: Bewilligt | N15: "} | AH15: 10109 | AJ15: 9610 | AK15: =AJ15/$AH15 -> 0.95063805 | AL15: 9677 | AN15: 19957 | AP15: 17559 | AQ15: =AP15/$AH15 -> 1.7369671 | AR15: 16816 | AS15: =AR15/$AH15 -> 1.6634682 | AT15: 9433 | AU15: =AT15/$AH15 -> 0.9331289 | AV15: 9995 | AW15: =AV15/$AH15 -> 0.98872292 | AX15: 10100
A16: 14 | B16: L03_LogoutAndLoginDiffAccount | C16: {"username":"bern.sozialarbeiterin1a@diartis.ch","password":"SMze97-jkSJ59!F."} | E16: 2 | F16: {"username":" | G16: Bern.Sachbearbeiterin@diartis.ch | H16: ","password":" | I16: XXxa22?pdTA66-S@ | J16: "} | AH16: 9903 | AJ16: 10024 | AK16: =AJ16/$AH16 -> 1.0122185 | AL16: 10034 | AN16: 15378 | AP16: 23525 | AQ16: =AP16/$AH16 -> 2.3755428 | AR16: 15204 | AS16: =AR16/$AH16 -> 1.5352923 | AT16: 10291 | AU16: =AT16/$AH16 -> 1.03918 | AV16: 10804 | AW16: =AV16/$AH16 -> 1.0909825 | AX16: 10496
A17: 16 | B17: DO11_Dossier_Search_Lupe | C17: =E17 -> {"searchDossierOrKlient":p.DossierName2,"resultType":"Dossiers"} | E17: =F17&G17&H17&I17&J17&K17&L17&M17&N17&O17&P17&Q17&R17&S17&T17&U17&V17&W17&X17 -> {"searchDossierOrKlient":p.DossierName2,"resultType":"Dossiers"} | F17: {"searchDossierOrKlient": | G17: =G15 -> p.DossierName2 | H17: ,"resultType":" | I17: Dossiers | J17: "} | AH17: 9652 | AJ17: 9517 | AK17: =AJ17/$AH17 -> 0.98601326 | AL17: 9448 | AN17: 13207 | AP17: 16203 | AQ17: =AP17/$AH17 -> 1.6787194 | AR17: 39846 | AS17: =AR17/$AH17 -> 4.1282636 | AT17: 9655 | AU17: =AT17/$AH17 -> 1.0003108 | AV17: 10327 | AW17: =AV17/$AH17 -> 1.0699337 | AX17: 9292
A18: 18 | B18: WO32_01b_Wohnsituation_Haushalt_Wohnung_anpassen | C18: =E18 -> {"vermieter":"Graber Immobilien","wohnungsgrosse":"4 Zimmer","mietkosten":1200,"nebenkosten":100} | E18: =F18&G18&H18&I18&J18&K18&L18&M18&N18&O18&P18&Q18&R18&S18&T18&U18&V18&W18&X18 -> {"vermieter":"Graber Immobilien","wohnungsgrosse":"4 Zimmer","mietkosten":1200,"nebenkosten":100} | F18: {"vermieter":" | G18: Graber Immobilien | H18: ","wohnungsgrosse":" | I18: 4 Zimmer | J18: ","mietkosten": | K18: 1200 | L18: ,"nebenkosten": | M18: 100 | N18: } | AH18: 5632 | AJ18: 5705 | AK18: =AJ18/$AH18 -> 1.0129616 | AL18: 5734 | AN18: 8754 | AP18: 9511 | AQ18: =AP18/$AH18 -> 1.6887429 | AR18: 41783 | AS18: =AR18/$AH18 -> 7.4188565 | AT18: 6286 | AU18: =AT18/$AH18 -> 1.1161222 | AV18: 6299 | AW18: =AV18/$AH18 -> 1.1184304 | AX18: 6081
A19: 19 | B19: WO30_Wohnsituation_Haushalt_Person_Hinzufuegen | C19: =E19 -> {"name":p.FamilyName2,"vorname":p.ManFirstName3,"geburtsdatum":p.BirthdayKid3,"ahvNumber":p.AHVNumber8,"personInhausltVon":"05.11.2025","inHauslt":"Übernehmen","ereignis":"Eheschliessung"} | E19: =F19&G19&H19&I19&J19&K19&L19&M19&N19&O19&P19&Q19&R19&S19&T19&U19&V19&W19&X19 -> {"name":p.FamilyName2,"vorname":p.ManFirstName3,"geburtsdatum":p.BirthdayKid3,"ahvNumber":p.AHVNumber8,"personInhausltVon":"05.11.2025","inHauslt":"Übernehmen","ereignis":"Eheschliessung"} | F19: {"name": | G19: =G6 -> p.FamilyName2 | H19: ,"vorname": | I19: =H47 -> p.ManFirstName3 | J19: ,"geburtsdatum": | K19: =J47 -> p.BirthdayKid3 | L19: ,"ahvNumber": | M19: =I47 -> p.AHVNumber8 | N19: ,"personInhausltVon":" | O19: =I12 -> 05.11.2025 | P19: ","inHauslt":" | Q19: Übernehmen | R19: ","ereignis":" | S19: Eheschliessung | T19: "} | AH19: 3543 | AJ19: 3481 | AK19: =AJ19/$AH19 -> 0.98250071 | AL19: 3559 | AN19: 7101 | AP19: 7334 | AQ19: =AP19/$AH19 -> 2.0699972 | AR19: 7519 | AS19: =AR19/$AH19 -> 2.1222128 | AT19: 3519 | AU19: =AT19/$AH19 -> 0.99322608 | AV19: 3931 | AW19: =AV19/$AH19 -> 1.1095117 | AX19: 3929
A20: 20 | B20: WO30_Wohnsituation_Haushalt_Person_Hinzufuegen | C20: =E20 -> {"name":p.FamilyName2,"vorname":p.WomanFirstName2,"geburtsdatum":p.BirthdayAdult3,"ahvNumber":p.AHVNumber6,"personInhausltVon":"05.11.2025","inHauslt":"Übernehmen","ereignis":"Geburt"} | E20: =F20&G20&H20&I20&J20&K20&L20&M20&N20&O20&P20&Q20&R20&S20&T20&U20&V20&W20&X20 -> {"name":p.FamilyName2,"vorname":p.WomanFirstName2,"geburtsdatum":p.BirthdayAdult3,"ahvNumber":p.AHVNumber6,"personInhausltVon":"05.11.2025","inHauslt":"Übernehmen","ereignis":"Geburt"} | F20: {"name": | G20: =G19 -> p.FamilyName2 | H20: ,"vorname": | I20: =H45 -> p.WomanFirstName2 | J20: ,"geburtsdatum": | K20: =J45 -> p.BirthdayAdult3 | L20: ,"ahvNumber": | M20: =I45 -> p.AHVNumber6 | N20: ,"personInhausltVon":" | O20: =O19 -> 05.11.2025 | P20: ","inHauslt":" | Q20: Übernehmen | R20: ","ereignis":" | S20: Geburt | T20: "} | AH20: 2324 | AJ20: 2582 | AK20: =AJ20/$AH20 -> 1.1110155 | AL20: 2223 | AN20: 5141 | AP20: 5203 | AQ20: =AP20/$AH20 -> 2.2388124 | AR20: 5669 | AS20: =AR20/$AH20 -> 2.4393287 | AT20: 2304 | AU20: =AT20/$AH20 -> 0.99139415 | AV20: 2826 | AW20: =AV20/$AH20 -> 1.2160069 | AX20: 2630
A21: 21 | B21: WO30_Wohnsituation_Haushalt_Person_Hinzufuegen | C21: =E21 -> {"name":p.FamilyName2,"vorname":p.GirlFirstName2,"geburtsdatum":p.BirthdayKid2,"ahvNumber":p.AHVNumber7,"personInhausltVon":"05.11.2025","inHauslt":"Übernehmen","ereignis":"Geburt"} | E21: =F21&G21&H21&I21&J21&K21&L21&M21&N21&O21&P21&Q21&R21&S21&T21&U21&V21&W21&X21 -> {"name":p.FamilyName2,"vorname":p.GirlFirstName2,"geburtsdatum":p.BirthdayKid2,"ahvNumber":p.AHVNumber7,"personInhausltVon":"05.11.2025","inHauslt":"Übernehmen","ereignis":"Geburt"} | F21: {"name": | G21: =G20 -> p.FamilyName2 | H21: ,"vorname": | I21: =H46 -> p.GirlFirstName2 | J21: ,"geburtsdatum": | K21: =J46 -> p.BirthdayKid2 | L21: ,"ahvNumber": | M21: =I46 -> p.AHVNumber7 | N21: ,"personInhausltVon":" | O21: =O20 -> 05.11.2025 | P21: ","inHauslt":" | Q21: Übernehmen | R21: ","ereignis":" | S21: Geburt | T21: "} | AH21: 2702 | AJ21: 2886 | AK21: =AJ21/$AH21 -> 1.0680977 | AL21: 2683 | AN21: 5897 | AP21: 6769 | AQ21: =AP21/$AH21 -> 2.5051813 | AR21: 5964 | AS21: =AR21/$AH21 -> 2.2072539 | AT21: 2715 | AU21: =AT21/$AH21 -> 1.0048113 | AV21: 3007 | AW21: =AV21/$AH21 -> 1.1128793 | AX21: 3037
A22: 22 | B22: WO32_01b_Wohnsituation_Haushalt_Wohnung_anpassen | C22: =E22 -> {"vermieter":"Graber Immobilien","wohnungsgrosse":"4 Zimmer","mietkosten":3000,"nebenkosten":300} | E22: =F22&G22&H22&I22&J22&K22&L22&M22&N22&O22&P22&Q22&R22&S22&T22&U22&V22&W22&X22 -> {"vermieter":"Graber Immobilien","wohnungsgrosse":"4 Zimmer","mietkosten":3000,"nebenkosten":300} | F22: {"vermieter":" | G22: Graber Immobilien | H22: ","wohnungsgrosse":" | I22: 4 Zimmer | J22: ","mietkosten": | K22: 3000 | L22: ,"nebenkosten": | M22: 300 | N22: } | AH22: 2397 | AJ22: 2625 | AK22: =AJ22/$AH22 -> 1.0951189 | AL22: 2732 | AN22: 5588 | AP22: 5282 | AQ22: =AP22/$AH22 -> 2.2035878 | AR22: 6515 | AS22: =AR22/$AH22 -> 2.7179808 | AT22: 2529 | AU22: =AT22/$AH22 -> 1.0550688 | AV22: 2971 | AW22: =AV22/$AH22 -> 1.239466 | AX22: 2875
A23: 23 | B23: KL01_Klientschaft_select | C23: =E23 -> {"dossier":p.DossierName2,"klientschaft":`${p.FamilyName2}, ${p.ManFirstName2}`} | E23: =F23&G23&H23&I23&J23&K23&L23&M23&N23&O23&P23&Q23&R23&S23&T23&U23&V23&W23&X23 -> {"dossier":p.DossierName2,"klientschaft":`${p.FamilyName2}, ${p.ManFirstName2}`} | F23: {"dossier": | G23: =G12 -> p.DossierName2 | H23: ,"klientschaft":` | I23: ="${"&$G$5&"}, ${"&$I$5&"}" -> ${p.FamilyName2}, ${p.ManFirstName2} | J23: `} | AH23: 4761 | AJ23: 3094 | AK23: =AJ23/$AH23 -> 0.64986347 | AL23: 3005 | AN23: 6515 | AP23: 6425 | AQ23: =AP23/$AH23 -> 1.3495064 | AR23: 5479 | AS23: =AR23/$AH23 -> 1.1508087 | AT23: 2856 | AU23: =AT23/$AH23 -> 0.59987398 | AV23: 3298 | AW23: =AV23/$AH23 -> 0.69271162 | AX23: 3316
A24: 24 | B24: KL03_ErwerbsituationEinnahmen_Lohn_erfassen | C24: =E24 -> {"panelTitle":"Erwerbssituation / Einnahmen","zahlbarDurch":"BKW Energie AG","pensumm":"100","betrag":"1000","gueltigVon":"01.01.2024","gueltigBis":"31.12.2025","checkbox":"x"} | E24: =F24&G24&H24&I24&J24&K24&L24&M24&N24&O24&P24&Q24&R24&S24&T24&U24&V24&W24&X24 -> {"panelTitle":"Erwerbssituation / Einnahmen","zahlbarDurch":"BKW Energie AG","pensumm":"100","betrag":"1000","gueltigVon":"01.01.2024","gueltigBis":"31.12.2025","checkbox":"x"} | F24: {"panelTitle":" | G24: Erwerbssituation / Einnahmen | H24: ","zahlbarDurch":" | I24: BKW Energie AG | J24: ","pensumm":" | K24: 100 | L24: ","betrag":" | M24: 1000 | N24: ","gueltigVon":" | O24: ="01.01."&YEAR((TODAY()-366)) -> 01.01.2024 | P24: ","gueltigBis":" | Q24: ="31.12."&YEAR(TODAY()) -> 31.12.2025 | R24: ","checkbox":" | S24: x | T24: "} | AK24: =AJ24/$AH24 -> #DIV/0! | AQ24: =AP24/$AH24 -> #DIV/0! | AS24: =AR24/$AH24 -> #DIV/0! | AU24: =AT24/$AH24 -> #DIV/0! | AV24: 5303 | AW24: =AV24/$AH24 -> #DIV/0! | AX24: 5092
A25: 25 | B25: DO11_Dossier_Search_Lupe | C25: =E25 -> {"searchDossierOrKlient":p.DossierName2,"resultType":"Dossiers"} | E25: =F25&G25&H25&I25&J25&K25&L25&M25&N25&O25&P25&Q25&R25&S25&T25&U25&V25&W25&X25 -> {"searchDossierOrKlient":p.DossierName2,"resultType":"Dossiers"} | F25: {"searchDossierOrKlient": | G25: =G23 -> p.DossierName2 | H25: ,"resultType":" | I25: Dossiers | J25: "} | AH25: 4873 | AJ25: 4740 | AK25: =AJ25/$AH25 -> 0.97270675 | AL25: 4926 | AN25: 5625 | AP25: 7609 | AQ25: =AP25/$AH25 -> 1.5614611 | AR25: 6236 | AS25: =AR25/$AH25 -> 1.2797045 | AT25: 4989 | AU25: =AT25/$AH25 -> 1.0238046 | AV25: 3945 | AW25: =AV25/$AH25 -> 0.8095629 | AX25: 3975
A26: 26 | B26: KL10_Krankenversicherungen_VVG_erfassen | C26: =F26&G26&H26&I26&J26&K26&L26&M26&N26&O26 &P26&Q26&R26&S26&T26&U26&V26&W26&X26&Y26&Z26&AA26&AB26&AC26 -> {"Klientschaft":`${p.FamilyName2}, ${p.ManFirstName3}`,"Gueltigkeit":"01.01.2025 - 31.12.2025","KKasse":"Arcosana AG","VersNummer":"123","GrundPraemie":"45","ZahnInklusive":"ja","Franchise":"100","Bemerkung":"Test"} | E26: =F26&G26&H26&I26&J26&K26&L26&M26&N26&O26&P26&Q26&R26&S26&T26&U26&V26&W26&X26 -> {"Klientschaft":`${p.FamilyName2}, ${p.ManFirstName3}`,"Gueltigkeit":"01.01.2025 - 31.12.2025","KKasse":"Arcosana AG","VersNummer":"123","GrundPraemie":"45","ZahnInklusive":"ja","Franchise":"100","Bemerkung":"Test"} | F26: {"Klientschaft":` | G26: ="${"&$G$19&"}, ${"&$I$19&"}" -> ${p.FamilyName2}, ${p.ManFirstName3} | H26: `,"Gueltigkeit":" | I26: ="01.01."&YEAR(TODAY())&" - 31.12."&YEAR(TODAY()) -> 01.01.2025 - 31.12.2025 | J26: ","KKasse":" | K26: Arcosana AG | L26: ","VersNummer":" | M26: 123 | N26: ","GrundPraemie":" | O26: 45 | P26: ","ZahnInklusive":" | Q26: ja | R26: ","Franchise":" | S26: 100 | T26: ","Bemerkung":" | U26: Test | V26: "} | AK26: =AJ26/$AH26 -> #DIV/0! | AQ26: =AP26/$AH26 -> #DIV/0! | AS26: =AR26/$AH26 -> #DIV/0! | AU26: =AT26/$AH26 -> #DIV/0! | AV26: 5257 | AW26: =AV26/$AH26 -> #DIV/0! | AX26: 5229
A27: 27 | B27: A01_AnspruchPruefung_Bedarfspruefung | C27: =E27 -> {"entscheidVom":"05.11.2025","begrundung":"Gar keine Begründung","unterstutzungab":"01.11.2025"} | E27: =F27&G27&H27&I27&J27&K27&L27&M27&N27&O27&P27&Q27&R27&S27&T27&U27&V27&W27&X27 -> {"entscheidVom":"05.11.2025","begrundung":"Gar keine Begründung","unterstutzungab":"01.11.2025"} | F27: {"entscheidVom":" | G27: =TEXT(TEXT(TODAY(),"DD")&"."&TEXT(TODAY(),"MM")&"."&TEXT(TODAY(),"YYYY"),"DD.MM.YYYY") -> 05.11.2025 | H27: ","begrundung":" | I27: Gar keine Begründung | J27: ","unterstutzungab":" | K27: =TEXT(TEXT(1,"DD")&"."&TEXT(TODAY(),"MM")&"."&TEXT(TODAY(),"YYYY"),"DD.MM.YYYY") -> 01.11.2025 | L27: "} | AH27: 5177 | AJ27: 5075 | AK27: =AJ27/$AH27 -> 0.98029747 | AL27: 5226 | AN27: 5991 | AP27: 5075 | AQ27: =AP27/$AH27 -> 0.98029747 | AR27: 6129 | AS27: =AR27/$AH27 -> 1.1838903 | AT27: 4999 | AU27: =AT27/$AH27 -> 0.96561715 | AV27: 4028 | AW27: =AV27/$AH27 -> 0.77805679 | AX27: 4684
A28: 29 | B28: R01_Rahmenbudget_Wohnkosten_Anpassen_V2 | C28: =E28 -> {"ubernahmeWohnkostenCFH":"100","uebernahmeWohnkostenVon":"05.11.2025","uebernahmeWohnkostenBis":"27.5.2026","uebernahemBegruendung":"Die Wohnungen sind teuer hier"} | E28: =F28&G28&H28&I28&J28&K28&L28&M28&N28&O28&P28&Q28&R28&S28&T28&U28&V28&W28&X28 -> {"ubernahmeWohnkostenCFH":"100","uebernahmeWohnkostenVon":"05.11.2025","uebernahmeWohnkostenBis":"27.5.2026","uebernahemBegruendung":"Die Wohnungen sind teuer hier"} | F28: {"ubernahmeWohnkostenCFH":" | G28: 100 | H28: ","uebernahmeWohnkostenVon":" | I28: =TEXT(TEXT(TODAY(),"DD")&"."&TEXT(TODAY(),"MM")&"."&TEXT(TODAY(),"YYYY"),"DD.MM.YYYY") -> 05.11.2025 | J28: ","uebernahmeWohnkostenBis":" | K28: ="27."&MONTH(TODAY()+180)&"."&YEAR(TODAY()+180) -> 27.5.2026 | L28: ","uebernahemBegruendung":" | M28: Die Wohnungen sind teuer hier | N28: "} | AH28: 11210 | AJ28: 9943 | AK28: =AJ28/$AH28 -> 0.88697591 | AL28: 10600 | AN28: 20197 | AP28: 21337 | AQ28: =AP28/$AH28 -> 1.9033898 | AR28: 17788 | AS28: =AR28/$AH28 -> 1.5867975 | AT28: 8511 | AU28: =AT28/$AH28 -> 0.75923283 | AV28: 12315 | AW28: =AV28/$AH28 -> 1.0985727 | AX28: 12084
A29: 30 | B29: BW01_Bewilligungs_Workflow_LeistungsEntscheid | C29: =E29 -> {"lEvonDate":"05.11.2025","lEbisDate":"05.11.2026","checkStatus":"In Bearbeitung"} | E29: =F29&G29&H29&I29&J29&K29&L29&M29&N29&O29&P29&Q29&R29&S29&T29&U29&V29&W29&X29 -> {"lEvonDate":"05.11.2025","lEbisDate":"05.11.2026","checkStatus":"In Bearbeitung"} | F29: {"lEvonDate":" | G29: =TEXT(TEXT(TODAY(),"DD")&"."&TEXT(TODAY(),"MM")&"."&TEXT(TODAY(),"YYYY"),"DD.MM.YYYY") -> 05.11.2025 | H29: ","lEbisDate":" | I29: =TEXT(TEXT(TODAY(),"DD")&"."&TEXT(TODAY(),"MM")&"."&TEXT(TODAY()+360,"YYYY"),"DD.MM.YYYY") -> 05.11.2026 | J29: ","checkStatus":" | K29: In Bearbeitung | L29: "} | AH29: 1395 | AJ29: 1490 | AK29: =AJ29/$AH29 -> 1.0681004 | AL29: 1347 | AN29: 4456 | AP29: 4014 | AQ29: =AP29/$AH29 -> 2.8774194 | AR29: 4179 | AS29: =AR29/$AH29 -> 2.9956989 | AT29: 1088 | AU29: =AT29/$AH29 -> 0.77992832 | AV29: 2049 | AW29: =AV29/$AH29 -> 1.4688172 | AX29: 2264
B30: L03_LogoutAndLoginDiffAccount | C30: =E30 -> {"username":"aventis-gemeinde-ma@diartis.ch","password":"#xFymiADPk7wJG/FWMz"} | E30: =F30&G30&H30&I30&J30&K30&L30&M30&N30&O30&P30&Q30&R30&S30&T30&U30&V30&W30&X30 -> {"username":"aventis-gemeinde-ma@diartis.ch","password":"#xFymiADPk7wJG/FWMz"} | F30: {"username":" | G30: aventis-gemeinde-ma@diartis.ch | H30: ","password":" | I30: #xFymiADPk7wJG/FWMz | J30: "} | AH30: 10769 | AJ30: 10884 | AK30: =AJ30/$AH30 -> 1.0106788 | AL30: 10855 | AN30: 10387 | AP30: 17308 | AQ30: =AP30/$AH30 -> 1.6072059 | AR30: 15180 | AS30: =AR30/$AH30 -> 1.4096016 | AT30: 10217 | AU30: =AT30/$AH30 -> 0.94874176 | AV30: 12222 | AW30: =AV30/$AH30 -> 1.1349243 | AX30: 12394
A31: 32 | B31: L03_LogoutAndLoginDiffAccount | C31: =E31 -> {"username":"Bern.Sachbearbeiterin@diartis.ch","password":"XXxa22?pdTA66-S@"} | E31: =F31&G31&H31&I31&J31&K31&L31&M31&N31&O31&P31&Q31&R31&S31&T31&U31&V31&W31&X31 -> {"username":"Bern.Sachbearbeiterin@diartis.ch","password":"XXxa22?pdTA66-S@"} | F31: {"username":" | G31: Bern.Sachbearbeiterin@diartis.ch | H31: ","password":" | I31: XXxa22?pdTA66-S@ | J31: "} | AH31: 8652 | AJ31: 8415 | AK31: =AJ31/$AH31 -> 0.97260749 | AL31: 8627 | AN31: 12743 | AP31: 13421 | AQ31: =AP31/$AH31 -> 1.551202 | AR31: 44292 | AS31: =AR31/$AH31 -> 5.1192788 | AT31: 9257 | AU31: =AT31/$AH31 -> 1.069926 | AV31: 9452 | AW31: =AV31/$AH31 -> 1.0924642 | AX31: 8543
A32: 34 | B32: BW02b_Bewilligungs_Workflow_Step_V2 | C32: =E32 -> {"dossier":p.DossierName2,"buttonName":"Prüfung OK","checkEntscheid":"Geprüft"} | E32: =F32&G32&H32&I32&J32&K32&L32&M32&N32&O32&P32&Q32&R32&S32&T32&U32&V32&W32&X32 -> {"dossier":p.DossierName2,"buttonName":"Prüfung OK","checkEntscheid":"Geprüft"} | F32: {"dossier": | G32: =G25 -> p.DossierName2 | H32: ,"buttonName":" | I32: Prüfung OK | J32: ","checkEntscheid":" | K32: Geprüft | L32: "} | AH32: 8569 | AJ32: 8674 | AK32: =AJ32/$AH32 -> 1.0122535 | AL32: 8624 | AN32: 15490 | AP32: 15502 | AQ32: =AP32/$AH32 -> 1.8090792 | AR32: 29105 | AS32: =AR32/$AH32 -> 3.3965457 | AT32: 9568 | AU32: =AT32/$AH32 -> 1.116583 | AV32: 10373 | AW32: =AV32/$AH32 -> 1.2105263 | AX32: 11641
A33: 35 | B33: L03_LogoutAndLoginDiffAccount | C33: =E33 -> {"username":"aventis-gemeinde-ma@diartis.ch","password":"#xFymiADPk7wJG/FWMz"} | E33: =F33&G33&H33&I33&J33&K33&L33&M33&N33&O33&P33&Q33&R33&S33&T33&U33&V33&W33&X33 -> {"username":"aventis-gemeinde-ma@diartis.ch","password":"#xFymiADPk7wJG/FWMz"} | F33: {"username":" | G33: aventis-gemeinde-ma@diartis.ch | H33: ","password":" | I33: #xFymiADPk7wJG/FWMz | J33: "} | AH33: 9133 | AJ33: 9029 | AK33: =AJ33/$AH33 -> 0.98861272 | AL33: 10042 | AN33: 13106 | AP33: 15561 | AQ33: =AP33/$AH33 -> 1.7038213 | AR33: 17272 | AS33: =AR33/$AH33 -> 1.8911639 | AT33: 9475 | AU33: =AT33/$AH33 -> 1.0374466 | AV33: 10600 | AW33: =AV33/$AH33 -> 1.1606263 | AX33: 10012
A34: 37 | B34: BW02b_Bewilligungs_Workflow_Step_V2 | C34: =E34 -> {"dossier":p.DossierName2,"buttonName":"Bewilligen","checkEntscheid":""} | E34: =F34&G34&H34&I34&J34&K34&L34&M34&N34&O34&P34&Q34&R34&S34&T34&U34&V34&W34&X34 -> {"dossier":p.DossierName2,"buttonName":"Bewilligen","checkEntscheid":""} | F34: {"dossier": | G34: =G32 -> p.DossierName2 | H34: ,"buttonName":" | I34: Bewilligen | J34: ","checkEntscheid":" | L34: "} | AH34: 8024 | AJ34: 7910 | AK34: =AJ34/$AH34 -> 0.98579262 | AL34: 9136 | AN34: 12573 | AP34: 14523 | AQ34: =AP34/$AH34 -> 1.8099452 | AR34: 13839 | AS34: =AR34/$AH34 -> 1.7247009 | AT34: 8805 | AU34: =AT34/$AH34 -> 1.097333 | AV34: 10636 | AW34: =AV34/$AH34 -> 1.3255234 | AX34: 10207
A35: 38 | B35: L03_LogoutAndLoginDiffAccount | C35: =E35 -> {"username":"Bern.Sachbearbeiterin@diartis.ch","password":"XXxa22?pdTA66-S@"} | E35: =F35&G35&H35&I35&J35&K35&L35&M35&N35&O35&P35&Q35&R35&S35&T35&U35&V35&W35&X35 -> {"username":"Bern.Sachbearbeiterin@diartis.ch","password":"XXxa22?pdTA66-S@"} | F35: {"username":" | G35: Bern.Sachbearbeiterin@diartis.ch | H35: ","password":" | I35: XXxa22?pdTA66-S@ | J35: "} | AH35: 10174 | AJ35: 10415 | AK35: =AJ35/$AH35 -> 1.0236878 | AL35: 10316 | AN35: 13898 | AP35: 18727 | AQ35: =AP35/$AH35 -> 1.8406723 | AR35: 13729 | AS35: =AR35/$AH35 -> 1.3494201 | AT35: 9706 | AU35: =AT35/$AH35 -> 0.95400039 | AV35: 9589 | AW35: =AV35/$AH35 -> 0.94250049 | AX35: 9215
A36: 40 | B36: DO11_Dossier_Search_Lupe | C36: =E36 -> {"searchDossierOrKlient":p.DossierName2,"resultType":"Dossiers"} | E36: =F36&G36&H36&I36&J36&K36&L36&M36&N36&O36&P36&Q36&R36&S36&T36&U36&V36&W36&X36 -> {"searchDossierOrKlient":p.DossierName2,"resultType":"Dossiers"} | F36: {"searchDossierOrKlient": | G36: =G34 -> p.DossierName2 | H36: ,"resultType":" | I36: Dossiers | J36: "} | AH36: 5444 | AJ36: 5439 | AK36: =AJ36/$AH36 -> 0.99908156 | AL36: 5620 | AN36: 8913 | AP36: 7794 | AQ36: =AP36/$AH36 -> 1.4316679 | AR36: 8464 | AS36: =AR36/$AH36 -> 1.5547392 | AT36: 6464 | AU36: =AT36/$AH36 -> 1.1873622 | AV36: 10941 | AW36: =AV36/$AH36 -> 2.0097355 | AX36: 10720
A37: 41 | B37: BW03b_Bewilligungs_WF_FreigabeVerwendungsPeriode | C37: =E37 -> {"verwendungPeriode":"November 2025,Dezember 2025,Januar 2026,Februar 2026,März 2026,April 2026,Mai 2026","status":"Zu bezahlen"} | D37: yes | E37: =F37&G37&H37&I37&J37&K37&L37&M37&N37&O37&P37&Q37&R37&S37&T37&U37&V37&W37 -> {"verwendungPeriode":"November 2025,Dezember 2025,Januar 2026,Februar 2026,März 2026,April 2026,Mai 2026","status":"Zu bezahlen"} | F37: {"verwendungPeriode":" | G37: =F76&","&F77&","&F78&","&F79&","&F80&","&F81&","&F82 -> November 2025,Dezember 2025,Januar 2026,Februar 2026,März 2026,April 2026,Mai 2026 | J37: ","status":" | K37: Zu bezahlen | L37: "} | AH37: 0 | AI37: Error: locator.click: Target page, context or browser has been closedCall log:[2m - waiting for locator('tr').filter({ hasText: 'Familie' }).locator('app-enum-selection mat-select')[22m | AJ37: 5592 | AK37: =AJ37/$AH37 -> #DIV/0! | AL37: 5201 | AN37: 9343 | AP37: 10432 | AQ37: =AP37/$AH37 -> #DIV/0! | AR37: 9850 | AS37: =AR37/$AH37 -> #DIV/0! | AT37: 5044 | AU37: =AT37/$AH37 -> #DIV/0! | AV37: 6160 | AW37: =AV37/$AH37 -> #DIV/0! | AX37: 5947
B38: WSH05_Haftung_Sozialhilfeschuld_Bearbeiten | C38: =E38 -> {"haftungsType":"Einseitige Solidarhaftung erfassen","haftungDurch":`${p.FamilyName2}, ${p.ManFirstName2}`,"haftungVon":"01.01.2024","haftungBis":"31.12.2024","haftungFuer":`${p.FamilyName2}, ${p.ManFirstName3}`,"person1":"","person2":""} | E38: =F38&G38&H38&I38&J38&K38&L38&M38&N38&O38&P38&Q38&R38&S38&T38&U38&V38&W38&X38 -> {"haftungsType":"Einseitige Solidarhaftung erfassen","haftungDurch":`${p.FamilyName2}, ${p.ManFirstName2}`,"haftungVon":"01.01.2024","haftungBis":"31.12.2024","haftungFuer":`${p.FamilyName2}, ${p.ManFirstName3}`,"person1":"","person2":""} | F38: {"haftungsType":" | G38: Einseitige Solidarhaftung erfassen | H38: ","haftungDurch":` | I38: =I23 -> ${p.FamilyName2}, ${p.ManFirstName2} | J38: `,"haftungVon":" | K38: 01.01.2024 | L38: ","haftungBis":" | M38: 31.12.2024 | N38: ","haftungFuer":` | O38: ="${"&$G$5&"}, ${"&$H$47&"}" -> ${p.FamilyName2}, ${p.ManFirstName3} | P38: `,"person1":" | R38: ","person2":" | T38: "} | AK38: =AJ38/(#REF!) -> #REF! | AQ38: =AP38/(#REF!) -> #REF! | AS38: =AR38/(#REF!) -> #REF! | AU38: =AT38/(#REF!) -> #REF! | AW38: =AV38/(#REF!) -> #REF!
B39: WSH05_Haftung_Sozialhilfeschuld_Bearbeiten | C39: =E39 -> {"haftungsType":"Einzelhaftung erfassen","haftungDurch":`${p.FamilyName2}, ${p.ManFirstName2}`,"haftungVon":"01.01.2024","haftungBis":"31.12.2024","haftungFuer":`${p.FamilyName2}, ${p.GirlFirstName2}`,"person1":"","person2":""} | E39: =F39&G39&H39&I39&J39&K39&L39&M39&N39&O39&P39&Q39&R39&S39&T39&U39&V39&W39&X39 -> {"haftungsType":"Einzelhaftung erfassen","haftungDurch":`${p.FamilyName2}, ${p.ManFirstName2}`,"haftungVon":"01.01.2024","haftungBis":"31.12.2024","haftungFuer":`${p.FamilyName2}, ${p.GirlFirstName2}`,"person1":"","person2":""} | F39: {"haftungsType":" | G39: Einzelhaftung erfassen | H39: ","haftungDurch":` | I39: =I23 -> ${p.FamilyName2}, ${p.ManFirstName2} | J39: `,"haftungVon":" | K39: 01.01.2024 | L39: ","haftungBis":" | M39: 31.12.2024 | N39: ","haftungFuer":` | O39: ="${"&$G$5&"}, ${"&$H$46&"}" -> ${p.FamilyName2}, ${p.GirlFirstName2} | P39: `,"person1":" | R39: ","person2":" | T39: "} | AK39: =AJ39/(#REF!) -> #REF! | AQ39: =AP39/(#REF!) -> #REF! | AS39: =AR39/(#REF!) -> #REF! | AU39: =AT39/(#REF!) -> #REF! | AW39: =AV39/(#REF!) -> #REF!
AK40: =AJ40/(#REF!) -> #REF! | AQ40: =AP40/(#REF!) -> #REF! | AS40: =AR40/(#REF!) -> #REF! | AU40: =AT40/(#REF!) -> #REF! | AW40: =AV40/(#REF!) -> #REF!
B41: {"url":"https://dev.aventis.swiss"} | AK41: =AJ41/(#REF!) -> #REF! | AQ41: =AP41/(#REF!) -> #REF! | AS41: =AR41/(#REF!) -> #REF! | AU41: =AT41/(#REF!) -> #REF! | AW41: =AV41/(#REF!) -> #REF!
B42: {"url":"https://dev.aventis.swiss"} | AK42: =AJ42/(#REF!) -> #REF! | AQ42: =AP42/(#REF!) -> #REF! | AS42: =AR42/(#REF!) -> #REF! | AU42: =AT42/(#REF!) -> #REF! | AW42: =AV42/(#REF!) -> #REF!
B43: {"url":"http://localhost/"} | AK43: =AJ43/(#REF!) -> #REF! | AQ43: =AP43/(#REF!) -> #REF! | AS43: =AR43/(#REF!) -> #REF! | AU43: =AT43/(#REF!) -> #REF! | AW43: =AV43/(#REF!) -> #REF!
B44: {"url":p.aventisURL} | E44: {=Choosrows(H57:H80,1)} -> #NAME? | F44: Dossier | G44: ="p.DossierName"&G49 -> p.DossierName2 | H44: ="p.ManFirstName"&G49 -> p.ManFirstName2 | I44: ="p.AHVNumber"&G51 -> p.AHVNumber5 | J44: ="p.BirthdayAdult"&G49 -> p.BirthdayAdult2 | AK44: =AJ44/(#REF!) -> #REF! | AQ44: =AP44/(#REF!) -> #REF! | AS44: =AR44/(#REF!) -> #REF! | AU44: =AT44/(#REF!) -> #REF! | AW44: =AV44/(#REF!) -> #REF!
E45: Achtung Formeln | F45: Mann | G45: ="p.FamilyName"&G49 -> p.FamilyName2 | H45: ="p.WomanFirstName"&G49 -> p.WomanFirstName2 | I45: ="p.AHVNumber"&G51+1 -> p.AHVNumber6 | J45: ="p.BirthdayAdult"&G50 -> p.BirthdayAdult3 | AK45: =AJ45/(#REF!) -> #REF! | AQ45: =AP45/(#REF!) -> #REF! | AS45: =AR45/(#REF!) -> #REF! | AU45: =AT45/(#REF!) -> #REF! | AW45: =AV45/(#REF!) -> #REF!
D46: =MONTH(TODAY()) -> 11 | E46: {=_xlfn.CHOOSEROWS(G$57:G$80,D46)&" "&_xlfn.CHOOSEROWS(H$57:H$80,D46)} | F46: Familie | G46: =G45 -> p.FamilyName2 | H46: ="p.GirlFirstName"&G49 -> p.GirlFirstName2 | I46: ="p.AHVNumber"&G51+2 -> p.AHVNumber7 | J46: ="p.BirthdayKid"&G49 -> p.BirthdayKid2 | AK46: =AJ46/(#REF!) -> #REF! | AQ46: =AP46/(#REF!) -> #REF! | AS46: =AR46/(#REF!) -> #REF! | AU46: =AT46/(#REF!) -> #REF! | AW46: =AV46/(#REF!) -> #REF!
D47: =D46+1 -> 12 | E47: {=_xlfn.CHOOSEROWS(G$57:G$80,D47)&" "&_xlfn.CHOOSEROWS(H$57:H$80,D47)} | H47: ="p.ManFirstName"&G50 -> p.ManFirstName3 | I47: ="p.AHVNumber"&G51+3 -> p.AHVNumber8 | J47: ="p.BirthdayKid"&G50 -> p.BirthdayKid3 | AK47: =AJ47/(#REF!) -> #REF! | AQ47: =AP47/(#REF!) -> #REF! | AS47: =AR47/(#REF!) -> #REF! | AU47: =AT47/(#REF!) -> #REF! | AW47: =AV47/(#REF!) -> #REF!
D48: =D47+1 -> 13 | E48: {=_xlfn.CHOOSEROWS(G$57:G$80,D48)&" "&_xlfn.CHOOSEROWS(H$57:H$80,D48)} | G48: =G44 -> p.DossierName2 | H48: =H44 -> p.ManFirstName2 | I48: =I44 -> p.AHVNumber5 | J48: =J44 -> p.BirthdayAdult2 | AK48: =AJ48/(#REF!) -> #REF! | AQ48: =AP48/(#REF!) -> #REF! | AS48: =AR48/(#REF!) -> #REF! | AU48: =AT48/(#REF!) -> #REF! | AW48: =AV48/(#REF!) -> #REF!
D49: =D48+1 -> 14 | E49: {=_xlfn.CHOOSEROWS(G$57:G$80,D49)&" "&_xlfn.CHOOSEROWS(H$57:H$80,D49)} | G49: 2 | H49: =H45 -> p.WomanFirstName2 | I49: =I45 -> p.AHVNumber6 | J49: =J45 -> p.BirthdayAdult3 | AK49: =AJ49/(#REF!) -> #REF! | AQ49: =AP49/(#REF!) -> #REF! | AS49: =AR49/(#REF!) -> #REF! | AU49: =AT49/(#REF!) -> #REF! | AW49: =AV49/(#REF!) -> #REF!
D50: =D49+1 -> 15 | E50: {=_xlfn.CHOOSEROWS(G$57:G$80,D50)&" "&_xlfn.CHOOSEROWS(H$57:H$80,D50)} | G50: =G49+1 -> 3 | H50: =H46 -> p.GirlFirstName2 | I50: =I46 -> p.AHVNumber7 | J50: =J46 -> p.BirthdayKid2 | AK50: =AJ50/(#REF!) -> #REF! | AQ50: =AP50/(#REF!) -> #REF! | AS50: =AR50/(#REF!) -> #REF! | AU50: =AT50/(#REF!) -> #REF! | AW50: =AV50/(#REF!) -> #REF!
D51: =D50+1 -> 16 | E51: {=_xlfn.CHOOSEROWS(G$57:G$80,D51)&" "&_xlfn.CHOOSEROWS(H$57:H$80,D51)} | G51: =G49*4-4+1 -> 5 | H51: =H47 -> p.ManFirstName3 | I51: =I47 -> p.AHVNumber8 | J51: =J47 -> p.BirthdayKid3
D52: =D51+1 -> 17 | E52: {=_xlfn.CHOOSEROWS(G$57:G$80,D52)&" "&_xlfn.CHOOSEROWS(H$57:H$80,D52)}
D54: 10 | E54: {=_xlfn.CHOOSEROWS(H57:H80,D54)} -> 0
D75: Achtung Formeln
E76: =MONTH(TODAY()) -> 11 | F76: {=_xlfn.CHOOSEROWS(H$88:H$111,E76)&" "&_xlfn.CHOOSEROWS(I$88:I$111,E76)} -> November 2025
E77: =E76+1 -> 12 | F77: {=_xlfn.CHOOSEROWS(H$88:H$111,E77)&" "&_xlfn.CHOOSEROWS(I$88:I$111,E77)} -> Dezember 2025
E78: =E77+1 -> 13 | F78: {=_xlfn.CHOOSEROWS(H$88:H$111,E78)&" "&_xlfn.CHOOSEROWS(I$88:I$111,E78)} -> Januar 2026
E79: =E78+1 -> 14 | F79: {=_xlfn.CHOOSEROWS(H$88:H$111,E79)&" "&_xlfn.CHOOSEROWS(I$88:I$111,E79)} -> Februar 2026
E80: =E79+1 -> 15 | F80: {=_xlfn.CHOOSEROWS(H$88:H$111,E80)&" "&_xlfn.CHOOSEROWS(I$88:I$111,E80)} -> März 2026
E81: =E80+1 -> 16 | F81: {=_xlfn.CHOOSEROWS(H$88:H$111,E81)&" "&_xlfn.CHOOSEROWS(I$88:I$111,E81)} -> April 2026
E82: =E81+1 -> 17 | F82: {=_xlfn.CHOOSEROWS(H$88:H$111,E82)&" "&_xlfn.CHOOSEROWS(I$88:I$111,E82)} -> Mai 2026
E84: 13 | F84: {=_xlfn.CHOOSEROWS(H$88:H$111,E84)&" "&_xlfn.CHOOSEROWS(I$88:I$111,E84)} -> Januar 2026
F87: {=_xlfn.CHOOSEROWS(H87:H93,3)} -> Februar
G88: 1 | H88: Januar | I88: 2025
G89: 2 | H89: Februar | I89: 2025
G90: 3 | H90: März | I90: 2025
G91: 4 | H91: April | I91: 2025
G92: 5 | H92: Mai | I92: 2025
G93: 6 | H93: Juni | I93: 2025
G94: 7 | H94: Juli | I94: 2025
G95: 8 | H95: August | I95: 2025
G96: 9 | H96: September | I96: 2025
G97: 10 | H97: Oktober | I97: 2025
G98: 11 | H98: November | I98: 2025
G99: 12 | H99: Dezember | I99: 2025
... G111: 24 | H111: Dezember | I111: 2026

Sheet 07-E2E
A1: StepNumber | B1: Action | C1: TestData | D1: Screenshot | E1: done | F1: video | G1: =5*60*1000*SpeedFaktor -> 300000 | AF1: Testresult | AG1: Run Time Step (ms) 26.06.2025 18:59:32 | AH1: Run Time Step (ms) 26.06.2025 20:17:23 | AI1: Hoch | AJ1: Run Time Step (ms) 26.06.2025 23:17:01 | AK1: Hoch
A2: 1 | B2: L00_URLAventis | C2: ='07-E2E'!B61 -> {"url":p.aventisURL} | E2: =F2&G2&H2&I2&J2&K2&L2&M2&N2&O2&P2&Q2&R2&S2&T2&U2&V2&W2&X2 -> {"url":"https://dev.aventis.swiss"} | F2: {"url":" | G2: https://dev.aventis.swiss | H2: "} | AG2: 1400 | AH2: 1127 | AI2: =AH2/$AG2 -> 0.805 | AJ2: 1450 | AK2: =AJ2/$AG2 -> 1.0357143
A3: 3 | B3: X01_Delete_BrowserCache | AG3: 0 | AH3: 1 | AI3: =AH3/$AG3 -> #DIV/0! | AJ3: 1 | AK3: =AJ3/$AG3 -> #DIV/0!
A4: 2 | B4: M01_LoginMSOnline | C4: =E4 -> {"username":"bern.sozialarbeiterin1a@diartis.ch","password":"SMze97-jkSJ59!F.","fullname":"Sozialarbeiterin 1A Bern","team":"Sozialarbeit Bern 1"} | E4: =F4&G4&H4&I4&J4&K4&L4&M4&N4&O4&P4&Q4&R4&S4&T4&U4&V4&W4&X4 -> {"username":"bern.sozialarbeiterin1a@diartis.ch","password":"SMze97-jkSJ59!F.","fullname":"Sozialarbeiterin 1A Bern","team":"Sozialarbeit Bern 1"} | F4: {"username":" | G4: bern.sozialarbeiterin1a@diartis.ch | H4: ","password":" | I4: SMze97-jkSJ59!F. | J4: ","fullname":" | K4: Sozialarbeiterin 1A Bern | L4: ","team":" | M4: Sozialarbeit Bern 1 | N4: "} | AG4: 5042 | AH4: 4441 | AI4: =AH4/$AG4 -> 0.88080127 | AJ4: 4401 | AK4: =AJ4/$AG4 -> 0.87286791
A5: 3 | B5: P01_Person_Search | C5: =E5 -> {"name":p.FamilyName7,"vorname":p.ManFirstName7,"ahvNumber":"","geburtsdatum":""} | E5: =F5&G5&H5&I5&J5&K5&L5&M5&N5&O5&P5&Q5&R5&S5&T5&U5&V5&W5&X5 -> {"name":p.FamilyName7,"vorname":p.ManFirstName7,"ahvNumber":"","geburtsdatum":""} | F5: {"name": | G5: =G57 -> p.FamilyName7 | H5: ,"vorname": | I5: =H$56 -> p.ManFirstName7 | J5: ,"ahvNumber":"" | L5: ,"geburtsdatum":" | N5: "} | Y5: B - Aufenthalterin / Aufenthalter | AG5: 1945 | AH5: 1793 | AI5: =AH5/$AG5 -> 0.9218509 | AJ5: 1684 | AK5: =AJ5/$AG5 -> 0.86580977
A6: 4 | B6: P05_Person_Create_Manual_Complete | C6: =E6 -> {"name":p.FamilyName7,"vorname":p.ManFirstName7,"ahvNumber":p.AHVNumber28,"language":"Deutsch","zivilstand":"ledig","zivilStandSeit":"28.07.2025","geburtsdatum":"20.6.1962","national":"Frankreich","gender":"männlich","aufenthalt":"","aufGultigVon":"03.10.2025","aufGueltigBis":"13.02.2026"} | E6: =F6&G6&H6&I6&J6&K6&L6&M6&N6&O6&P6&Q6&R6&S6&T6&U6&V6&W6&X6&Y6&Z6&AA6&AB6&AC6&AD6&AE6 -> {"name":p.FamilyName7,"vorname":p.ManFirstName7,"ahvNumber":p.AHVNumber28,"language":"Deutsch","zivilstand":"ledig","zivilStandSeit":"28.07.2025","geburtsdatum":"20.6.1962","national":"Frankreich","gender":"männlich","aufenthalt":"","aufGultigVon":"03.10.2025","aufGueltigBis":"13.02.2026"} | F6: {"name": | G6: =G5 -> p.FamilyName7 | H6: ,"vorname": | I6: =H$56 -> p.ManFirstName7 | J6: ,"ahvNumber": | K6: =I$59 -> p.AHVNumber28 | L6: ,"language":" | M6: Deutsch | N6: ","zivilstand":" | O6: ledig | P6: ","zivilStandSeit":" | Q6: =TEXT(TEXT(TODAY()-100,"DD")&"."&TEXT(TODAY()-100,"MM")&"."&TEXT(TODAY()-100,"YYYY"),"DD.MM.YYYY") -> 28.07.2025 | R6: ","geburtsdatum":" | S6: =TEXT(RANDBETWEEN(1,28)&"."&RANDBETWEEN(1,12)&"."&TEXT(TODAY()-23115,"YYYY"),"DD.MM.YYYY") -> 20.6.1962 | T6: ","national":" | U6: Frankreich | V6: ","gender":" | W6: männlich | X6: ","aufenthalt":" | Z6: ","aufGultigVon":" | AA6: =TEXT(TEXT(TODAY()-33,"DD")&"."&TEXT(TODAY()-33,"MM")&"."&TEXT(TODAY()-33,"YYYY"),"DD.MM.YYYY") -> 03.10.2025 | AB6: ","aufGueltigBis":" | AC6: =TEXT(TEXT(TODAY()+100,"DD")&"."&TEXT(TODAY()+100,"MM")&"."&TEXT(TODAY()+100,"YYYY"),"DD.MM.YYYY") -> 13.02.2026 | AD6: "} | AG6: 3230 | AH6: 3145 | AI6: =AH6/$AG6 -> 0.97368421 | AJ6: 3318 | AK6: =AJ6/$AG6 -> 1.0272446
A7: 5 | B7: P10_Person_Communikation_Complete | C7: =E7 -> {"mobile":"079 5641500","privateNumber":"079 5326925","email":"2213abc@gmail.com"} | E7: =F7&G7&H7&I7&J7&K7&L7&M7&N7&O7&P7&Q7&R7&S7&T7&U7&V7&W7&X7 -> {"mobile":"079 5641500","privateNumber":"079 5326925","email":"2213abc@gmail.com"} | F7: {"mobile":" | G7: ="079 "&RANDBETWEEN(5234500,5699999) -> 079 5641500 | H7: ","privateNumber":" | I7: ="079 "&RANDBETWEEN(5234500,5699999) -> 079 5326925 | J7: ","email":" | K7: =RANDBETWEEN(1111,9999)&"abc@gmail.com" -> 2213abc@gmail.com | L7: "} | AG7: 379 | AH7: 345 | AI7: =AH7/$AG7 -> 0.91029024 | AJ7: 416 | AK7: =AJ7/$AG7 -> 1.0976253
A8: 6 | B8: P15_Person_Adress | C8: =E8 -> {"zusatz":"","strasse":"Strasse_978","houseNumber":"28","ort":"3053 Münchenbuchsee","validDate":"11.7.2021"} | E8: =F8&G8&H8&I8&J8&K8&L8&M8&N8&O8&P8&Q8&R8&S8&T8&U8&V8&W8&X8 -> {"zusatz":"","strasse":"Strasse_978","houseNumber":"28","ort":"3053 Münchenbuchsee","validDate":"11.7.2021"} | F8: {"zusatz":" | H8: ","strasse":" | I8: ="Strasse_"&RANDBETWEEN(1,1000) -> Strasse_978 | J8: ","houseNumber":" | K8: =RANDBETWEEN(1,100) -> 28 | L8: ","ort":" | M8: 3053 Münchenbuchsee | N8: ","validDate":" | O8: =TEXT(RANDBETWEEN(1,28)&"."&RANDBETWEEN(1,12)&"."&TEXT(TODAY()-4*365,"YYYY"),"DD.MM.YYYY") -> 11.7.2021 | P8: "} | AG8: 4985 | AH8: 5033 | AI8: =AH8/$AG8 -> 1.0096289 | AJ8: 4853 | AK8: =AJ8/$AG8 -> 0.97352056
A9: 7 | B9: P20_Person_ZahlungsVerbindung | C9: {"iban":"CH21 0078 9100 0000 2920 0"} | AG9: 87 | AH9: 82 | AI9: =AH9/$AG9 -> 0.94252874 | AJ9: 126 | AK9: =AJ9/$AG9 -> 1.4482759
A10: 8 | B10: P30_Person_Uebernehmen | AG10: 1160 | AH10: 1165 | AI10: =AH10/$AG10 -> 1.0043103 | AJ10: 1206 | AK10: =AJ10/$AG10 -> 1.0396552
A11: 9 | B11: H01_Haushalt_Uebernehmen_Zustaendigkeit | C11: =E11 -> {"zust_Gemeinde":"Münchenbuchsee","zust_SozTeam":"Sozialarbeit Bern 1","zust_SozMitarbeiter":"Bern Sozialarbeiterin 1A","zust_SachbTeam":"Sachbearbeitung Bern","zust_SachbMitarbeiter":"Bern Sachbearbeiterin"} | E11: =F11&G11&H11&I11&J11&K11&L11&M11&N11&O11&P11&Q11&R11&S11&T11&U11&V11&W11&X11 -> {"zust_Gemeinde":"Münchenbuchsee","zust_SozTeam":"Sozialarbeit Bern 1","zust_SozMitarbeiter":"Bern Sozialarbeiterin 1A","zust_SachbTeam":"Sachbearbeitung Bern","zust_SachbMitarbeiter":"Bern Sachbearbeiterin"} | F11: {"zust_Gemeinde":" | G11: Münchenbuchsee | H11: ","zust_SozTeam":" | I11: Sozialarbeit Bern 1 | J11: ","zust_SozMitarbeiter":" | K11: Bern Sozialarbeiterin 1A | L11: ","zust_SachbTeam":" | M11: Sachbearbeitung Bern | N11: ","zust_SachbMitarbeiter":" | O11: Bern Sachbearbeiterin | P11: "} | AG11: 3992 | AH11: 4057 | AI11: =AH11/$AG11 -> 1.0162826 | AJ11: 4001 | AK11: =AJ11/$AG11 -> 1.0022545
A12: 10 | B12: D01_Dossier_Eroeffnen | C12: =E12 -> {"dossierBezeichnung":p.DossierName7,"eroeffnetAm":"05.11.2025","dossierSprache":"Deutsch"} | E12: =F12&G12&H12&I12&J12&K12&L12&M12&N12&O12&P12&Q12&R12&S12&T12&U12&V12&W12&X12 -> {"dossierBezeichnung":p.DossierName7,"eroeffnetAm":"05.11.2025","dossierSprache":"Deutsch"} | F12: {"dossierBezeichnung": | G12: =G56 -> p.DossierName7 | H12: ,"eroeffnetAm":" | I12: =TEXT(TEXT(TODAY(),"DD")&"."&TEXT(TODAY(),"MM")&"."&TEXT(TODAY(),"YYYY"),"DD.MM.YYYY") -> 05.11.2025 | J12: ","dossierSprache":" | K12: Deutsch | L12: "} | AG12: 1059 | AH12: 1028 | AI12: =AH12/$AG12 -> 0.9707271 | AJ12: 908 | AK12: =AJ12/$AG12 -> 0.85741265
A13: 13 | B13: BW04_ZahlungsVerbindung_Freigeben | C13: =E13 -> {"dossierInstitution":p.DossierName7,"klientschaft":`${p.FamilyName7}, ${p.ManFirstName7}`,"buttonBewilligung":"Anfragen","checkStatus":"In Bearbeitung"} | E13: =F13&G13&H13&I13&J13&K13&L13&M13&N13&O13&P13&Q13&R13&S13&T13&U13&V13&W13&X13 -> {"dossierInstitution":p.DossierName7,"klientschaft":`${p.FamilyName7}, ${p.ManFirstName7}`,"buttonBewilligung":"Anfragen","checkStatus":"In Bearbeitung"} | F13: {"dossierInstitution": | G13: =G12 -> p.DossierName7 | H13: ,"klientschaft":` | I13: =I23 -> ${p.FamilyName7}, ${p.ManFirstName7} | J13: `,"buttonBewilligung":" | K13: Anfragen | L13: ","checkStatus":" | M13: In Bearbeitung | N13: "} | AG13: 10602 | AH13: 12109 | AI13: =AH13/$AG13 -> 1.142143 | AJ13: 10673 | AK13: =AJ13/$AG13 -> 1.0066968
A14: 14 | B14: L03_LogoutAndLoginDiffAccount | C14: =E14 -> {"username":"Bern.Sachbearbeiterin@diartis.ch","password":"XXxa22?pdTA66-S@"} | E14: =F14&G14&H14&I14&J14&K14&L14&M14&N14&O14&P14&Q14&R14&S14&T14&U14&V14&W14&X14 -> {"username":"Bern.Sachbearbeiterin@diartis.ch","password":"XXxa22?pdTA66-S@"} | F14: {"username":" | G14: Bern.Sachbearbeiterin@diartis.ch | H14: ","password":" | I14: XXxa22?pdTA66-S@ | J14: "} | AG14: 9576 | AH14: 8975 | AI14: =AH14/$AG14 -> 0.93723893 | AJ14: 9108 | AK14: =AJ14/$AG14 -> 0.95112782
A15: 15 | B15: BW04_ZahlungsVerbindung_Freigeben | C15: =E15 -> {"dossierInstitution":p.DossierName1,"klientschaft":`${p.FamilyName7}, ${p.ManFirstName7}`,"buttonBewilligung":"Bewilligen","checkStatus":"Bewilligt"} | E15: =F15&G15&H15&I15&J15&K15&L15&M15&N15&O15&P15&Q15&R15&S15&T15&U15&V15&W15&X15 -> {"dossierInstitution":p.DossierName1,"klientschaft":`${p.FamilyName7}, ${p.ManFirstName7}`,"buttonBewilligung":"Bewilligen","checkStatus":"Bewilligt"} | F15: {"dossierInstitution": | G15: p.DossierName1 | H15: ,"klientschaft":` | I15: =I23 -> ${p.FamilyName7}, ${p.ManFirstName7} | J15: `,"buttonBewilligung":" | K15: Bewilligen | L15: ","checkStatus":" | M15: Bewilligt | N15: "} | AG15: 9599 | AH15: 9790 | AI15: =AH15/$AG15 -> 1.0198979 | AJ15: 10044 | AK15: =AJ15/$AG15 -> 1.046359
A16: 16 | B16: L03_LogoutAndLoginDiffAccount | C16: {"username":"bern.sozialarbeiterin1a@diartis.ch","password":"SMze97-jkSJ59!F."} | E16: 2 | F16: {"username":" | G16: Bern.Sachbearbeiterin@diartis.ch | H16: ","password":" | I16: XXxa22?pdTA66-S@ | J16: "} | AG16: 8927 | AH16: 8847 | AI16: =AH16/$AG16 -> 0.99103842 | AJ16: 9747 | AK16: =AJ16/$AG16 -> 1.0918562
A17: 18 | B17: DO11_Dossier_Search_Lupe | C17: =E17 -> {"searchDossierOrKlient":p.DossierName1,"resultType":"Dossiers"} | E17: =F17&G17&H17&I17&J17&K17&L17&M17&N17&O17&P17&Q17&R17&S17&T17&U17&V17&W17&X17 -> {"searchDossierOrKlient":p.DossierName1,"resultType":"Dossiers"} | F17: {"searchDossierOrKlient": | G17: p.DossierName1 | H17: ,"resultType":" | I17: Dossiers | J17: "} | AG17: 5773 | AH17: 5789 | AI17: =AH17/$AG17 -> 1.0027715 | AJ17: 5769 | AK17: =AJ17/$AG17 -> 0.99930712
A18: 20 | B18: WO32_01b_Wohnsituation_Haushalt_Wohnung_anpassen | C18: =E18 -> {"vermieter":"Graber Immobilien","wohnungsgrosse":"4 Zimmer","mietkosten":1200,"nebenkosten":100} | E18: =F18&G18&H18&I18&J18&K18&L18&M18&N18&O18&P18&Q18&R18&S18&T18&U18&V18&W18&X18 -> {"vermieter":"Graber Immobilien","wohnungsgrosse":"4 Zimmer","mietkosten":1200,"nebenkosten":100} | F18: {"vermieter":" | G18: Graber Immobilien | H18: ","wohnungsgrosse":" | I18: 4 Zimmer | J18: ","mietkosten": | K18: 1200 | L18: ,"nebenkosten": | M18: 100 | N18: } | AG18: 3502 | AH18: 3410 | AI18: =AH18/$AG18 -> 0.9737293 | AJ18: 3637 | AK18: =AJ18/$AG18 -> 1.0385494
A19: 22 | B19: WO30_Wohnsituation_Haushalt_Person_Hinzufuegen | C19: =E19 -> {"name":p.FamilyName7,"vorname":p.ManFirstName8,"geburtsdatum":p.BirthdayAdult7,"ahvNumber":p.AHVNumber25,"personInhausltVon":"28.07.2025","inHauslt":"Übernehmen","ereignis":"Eheschliessung"} | E19: =F19&G19&H19&I19&J19&K19&L19&M19&N19&O19&P19&Q19&R19&S19&T19&U19&V19&W19&X19 -> {"name":p.FamilyName7,"vorname":p.ManFirstName8,"geburtsdatum":p.BirthdayAdult7,"ahvNumber":p.AHVNumber25,"personInhausltVon":"28.07.2025","inHauslt":"Übernehmen","ereignis":"Eheschliessung"} | F19: {"name": | G19: =G6 -> p.FamilyName7 | H19: ,"vorname": | I19: =H59 -> p.ManFirstName8 | J19: ,"geburtsdatum": | K19: =J60 -> p.BirthdayAdult7 | L19: ,"ahvNumber": | M19: =I60 -> p.AHVNumber25 | N19: ,"personInhausltVon":" | O19: =TEXT(TEXT(TODAY()-100,"DD")&"."&TEXT(TODAY()-100,"MM")&"."&TEXT(TODAY()-100,"YYYY"),"DD.MM.YYYY") -> 28.07.2025 | P19: ","inHauslt":" | Q19: Übernehmen | R19: ","ereignis":" | S19: Eheschliessung | T19: "} | AG19: 2413 | AH19: 2207 | AI19: =AH19/$AG19 -> 0.91462909 | AJ19: 2250 | AK19: =AJ19/$AG19 -> 0.93244923
A20: 23 | B20: WO30_Wohnsituation_Haushalt_Person_Hinzufuegen | C20: =E20 -> {"name":p.FamilyName7,"vorname":p.WomanFirstName7,"geburtsdatum":p.BirthdayAdult8,"ahvNumber":p.AHVNumber26,"personInhausltVon":"28.07.2025","inHauslt":"Übernehmen","ereignis":"Geburt"} | E20: =F20&G20&H20&I20&J20&K20&L20&M20&N20&O20&P20&Q20&R20&S20&T20&U20&V20&W20&X20 -> {"name":p.FamilyName7,"vorname":p.WomanFirstName7,"geburtsdatum":p.BirthdayAdult8,"ahvNumber":p.AHVNumber26,"personInhausltVon":"28.07.2025","inHauslt":"Übernehmen","ereignis":"Geburt"} | F20: {"name": | G20: =G19 -> p.FamilyName7 | H20: ,"vorname": | I20: =H61 -> p.WomanFirstName7 | J20: ,"geburtsdatum": | K20: =J61 -> p.BirthdayAdult8 | L20: ,"ahvNumber": | M20: =I61 -> p.AHVNumber26 | N20: ,"personInhausltVon":" | O20: =TEXT(TEXT(TODAY()-100,"DD")&"."&TEXT(TODAY()-100,"MM")&"."&TEXT(TODAY()-100,"YYYY"),"DD.MM.YYYY") -> 28.07.2025 | P20: ","inHauslt":" | Q20: Übernehmen | R20: ","ereignis":" | S20: Geburt | T20: "} | AG20: 3208 | AH20: 2743 | AI20: =AH20/$AG20 -> 0.85504988 | AJ20: 3298 | AK20: =AJ20/$AG20 -> 1.0280549
A21: 24 | B21: WO30_Wohnsituation_Haushalt_Person_Hinzufuegen | C21: =E21 -> {"name":p.FamilyName7,"vorname":p.GirlFirstName7,"geburtsdatum":p.BirthdayKid7,"ahvNumber":p.AHVNumber27,"personInhausltVon":"28.07.2025","inHauslt":"Übernehmen","ereignis":"Geburt"} | E21: =F21&G21&H21&I21&J21&K21&L21&M21&N21&O21&P21&Q21&R21&S21&T21&U21&V21&W21&X21 -> {"name":p.FamilyName7,"vorname":p.GirlFirstName7,"geburtsdatum":p.BirthdayKid7,"ahvNumber":p.AHVNumber27,"personInhausltVon":"28.07.2025","inHauslt":"Übernehmen","ereignis":"Geburt"} | F21: {"name": | G21: =G20 -> p.FamilyName7 | H21: ,"vorname": | I21: =H62 -> p.GirlFirstName7 | J21: ,"geburtsdatum": | K21: =J62 -> p.BirthdayKid7 | L21: ,"ahvNumber": | M21: =I62 -> p.AHVNumber27 | N21: ,"personInhausltVon":" | O21: =TEXT(TEXT(TODAY()-100,"DD")&"."&TEXT(TODAY()-100,"MM")&"."&TEXT(TODAY()-100,"YYYY"),"DD.MM.YYYY") -> 28.07.2025 | P21: ","inHauslt":" | Q21: Übernehmen | R21: ","ereignis":" | S21: Geburt | T21: "} | AG21: 2738 | AH21: 2759 | AI21: =AH21/$AG21 -> 1.0076698 | AJ21: 2595 | AK21: =AJ21/$AG21 -> 0.9477721
A22: 25 | B22: WO32_01b_Wohnsituation_Haushalt_Wohnung_anpassen | C22: =E22 -> {"vermieter":"Graber Immobilien","wohnungsgrosse":"4 Zimmer","mietkosten":3000,"nebenkosten":300} | E22: =F22&G22&H22&I22&J22&K22&L22&M22&N22&O22&P22&Q22&R22&S22&T22&U22&V22&W22&X22 -> {"vermieter":"Graber Immobilien","wohnungsgrosse":"4 Zimmer","mietkosten":3000,"nebenkosten":300} | F22: {"vermieter":" | G22: Graber Immobilien | H22: ","wohnungsgrosse":" | I22: 4 Zimmer | J22: ","mietkosten": | K22: 3000 | L22: ,"nebenkosten": | M22: 300 | N22: } | AG22: 2971 | AH22: 3474 | AI22: =AH22/$AG22 -> 1.1693033 | AJ22: 3138 | AK22: =AJ22/$AG22 -> 1.05621
A23: 26 | B23: KL01_Klientschaft_select | C23: =E23 -> {"dossier":p.DossierName7,"klientschaft":`${p.FamilyName7}, ${p.ManFirstName7}`} | E23: =F23&G23&H23&I23&J23&K23&L23&M23&N23&O23&P23&Q23&R23&S23&T23&U23&V23&W23&X23 -> {"dossier":p.DossierName7,"klientschaft":`${p.FamilyName7}, ${p.ManFirstName7}`} | F23: {"dossier": | G23: =G12 -> p.DossierName7 | H23: ,"klientschaft":` | I23: ="${"&$G$5&"}, ${"&$I$5&"}" -> ${p.FamilyName7}, ${p.ManFirstName7} | J23: `} | AG23: 4894 | AH23: 4833 | AI23: =AH23/$AG23 -> 0.98753576 | AJ23: 4899 | AK23: =AJ23/$AG23 -> 1.0010217
A24: 27 | B24: KL03_ErwerbsituationEinnahmen_Lohn_erfassen | C24: =E24 -> {"panelTitle":"Erwerbssituation / Einnahmen","zahlbarDurch":"BKW Energie AG","pensumm":"100","betrag":"1000","gueltigVon":"01.01.2024","gueltigBis":"31.12.2025","checkbox":"x"} | E24: =F24&G24&H24&I24&J24&K24&L24&M24&N24&O24&P24&Q24&R24&S24&T24&U24&V24&W24&X24 -> {"panelTitle":"Erwerbssituation / Einnahmen","zahlbarDurch":"BKW Energie AG","pensumm":"100","betrag":"1000","gueltigVon":"01.01.2024","gueltigBis":"31.12.2025","checkbox":"x"} | F24: {"panelTitle":" | G24: Erwerbssituation / Einnahmen | H24: ","zahlbarDurch":" | I24: BKW Energie AG | J24: ","pensumm":" | K24: 100 | L24: ","betrag":" | M24: 1000 | N24: ","gueltigVon":" | O24: ="01.01."&YEAR((TODAY()-366)) -> 01.01.2024 | P24: ","gueltigBis":" | Q24: ="31.12."&YEAR(TODAY()) -> 31.12.2025 | R24: ","checkbox":" | S24: x | T24: "} | AG24: 3432 | AH24: 3242 | AI24: =AH24/$AG24 -> 0.94463869 | AJ24: 3433 | AK24: =AJ24/$AG24 -> 1.0002914
B25: KL0X_ErwerbsituationEinnahmen_erfassen | C25: =E25 -> {"dossier":p.DossierName7,"klientschaft":`${p.FamilyName7}, ${p.ManFirstName7}`,"topMenu":"Erwerbseinkommen","subMenu":"Unselbständiges Erwerbseinkommen","zahlbarDurch":"Berner Schuldenberatung","pensumm":"30","13Ja":"x","betrag":"1500","gueltigVon":"0","gueltigBis":"31.12.2025","schweregrad":""} | E25: =F25&G25&H25&I25&J25&K25&L25&M25&N25&O25&P25&Q25&R25&S25&T25&U25&V25&W25&X25&Y25&Z25&AA25&AB25&AC25 -> {"dossier":p.DossierName7,"klientschaft":`${p.FamilyName7}, ${p.ManFirstName7}`,"topMenu":"Erwerbseinkommen","subMenu":"Unselbständiges Erwerbseinkommen","zahlbarDurch":"Berner Schuldenberatung","pensumm":"30","13Ja":"x","betrag":"1500","gueltigVon":"0","gueltigBis":"31.12.2025","schweregrad":""} | F25: {"dossier": | G25: =G23 -> p.DossierName7 | H25: ,"klientschaft":` | I25: =I23 -> ${p.FamilyName7}, ${p.ManFirstName7} | J25: `,"topMenu":" | K25: Erwerbseinkommen | L25: ","subMenu":" | M25: Unselbständiges Erwerbseinkommen | N25: ","zahlbarDurch":" | O25: Berner Schuldenberatung | P25: ","pensumm":" | Q25: 30 | R25: ","13Ja":" | S25: x | T25: ","betrag":" | U25: 1500 | V25: ","gueltigVon":" | W25: =W24 -> 0 | X25: ","gueltigBis":" | Y25: ="31.12."&YEAR(TODAY()) -> 31.12.2025 | Z25: ","schweregrad":" | AB25: "} | AI25: =AH25/$AG25 -> #DIV/0! | AK25: =AJ25/$AG25 -> #DIV/0!
A26: 28 | B26: DO11_Dossier_Search_Lupe | C26: =E26 -> {"searchDossierOrKlient":p.DossierName1,"resultType":"Dossiers"} | E26: =F26&G26&H26&I26&J26&K26&L26&M26&N26&O26&P26&Q26&R26&S26&T26&U26&V26&W26&X26 -> {"searchDossierOrKlient":p.DossierName1,"resultType":"Dossiers"} | F26: {"searchDossierOrKlient": | G26: p.DossierName1 | H26: ,"resultType":" | I26: Dossiers | J26: "} | AG26: 4993 | AH26: 4923 | AI26: =AH26/$AG26 -> 0.98598037 | AJ26: 4861 | AK26: =AJ26/$AG26 -> 0.97356299
A27: 30 | B27: A01_AnspruchPruefung_Bedarfspruefung | C27: =E27 -> {"entscheidVom":"05.11.2025","begrundung":"Gar keine Begründung","unterstutzungab":"01.11.2025"} | E27: =F27&G27&H27&I27&J27&K27&L27&M27&N27&O27&P27&Q27&R27&S27&T27&U27&V27&W27&X27 -> {"entscheidVom":"05.11.2025","begrundung":"Gar keine Begründung","unterstutzungab":"01.11.2025"} | F27: {"entscheidVom":" | G27: =TEXT(TEXT(TODAY(),"DD")&"."&TEXT(TODAY(),"MM")&"."&TEXT(TODAY(),"YYYY"),"DD.MM.YYYY") -> 05.11.2025 | H27: ","begrundung":" | I27: Gar keine Begründung | J27: ","unterstutzungab":" | K27: =TEXT(TEXT(1,"DD")&"."&TEXT(TODAY(),"MM")&"."&TEXT(TODAY(),"YYYY"),"DD.MM.YYYY") -> 01.11.2025 | L27: "} | AG27: 10626 | AH27: 10634 | AI27: =AH27/$AG27 -> 1.0007529 | AJ27: 10692 | AK27: =AJ27/$AG27 -> 1.0062112
A28: 32 | B28: R01_Rahmenbudget_Wohnkosten_Anpassen_V2 | C28: =E28 -> {"ubernahmeWohnkostenCFH":"100","uebernahmeWohnkostenVon":"01.11.2025","uebernahmeWohnkostenBis":"27.5.2026","uebernahemBegruendung":"Die Wohnungen sind teuer hier"} | E28: =F28&G28&H28&I28&J28&K28&L28&M28&N28&O28&P28&Q28&R28&S28&T28&U28&V28&W28&X28 -> {"ubernahmeWohnkostenCFH":"100","uebernahmeWohnkostenVon":"01.11.2025","uebernahmeWohnkostenBis":"27.5.2026","uebernahemBegruendung":"Die Wohnungen sind teuer hier"} | F28: {"ubernahmeWohnkostenCFH":" | G28: 100 | H28: ","uebernahmeWohnkostenVon":" | I28: ="01."&MONTH(TODAY())&"."&YEAR(TODAY()) -> 01.11.2025 | J28: ","uebernahmeWohnkostenBis":" | K28: ="27."&MONTH(TODAY()+180)&"."&YEAR(TODAY()+180) -> 27.5.2026 | L28: ","uebernahemBegruendung":" | M28: Die Wohnungen sind teuer hier | N28: "} | AG28: 1630 | AH28: 1369 | AJ28: 1982
B29: BW01_Bewilligungs_Workflow_LeistungsEntscheid | C29: =E29 -> {"lEvonDate":"05.11.2025","lEbisDate":"05.11.2026","checkStatus":"In Bearbeitung"} | E29: =F29&G29&H29&I29&J29&K29&L29&M29&N29&O29&P29&Q29&R29&S29&T29&U29&V29&W29&X29 -> {"lEvonDate":"05.11.2025","lEbisDate":"05.11.2026","checkStatus":"In Bearbeitung"} | F29: {"lEvonDate":" | G29: =TEXT(TEXT(TODAY(),"DD")&"."&TEXT(TODAY(),"MM")&"."&TEXT(TODAY(),"YYYY"),"DD.MM.YYYY") -> 05.11.2025 | H29: ","lEbisDate":" | I29: =TEXT(TEXT(TODAY(),"DD")&"."&TEXT(TODAY()+366,"MM")&"."&TEXT(TODAY()+366,"YYYY"),"DD.MM.YYYY") -> 05.11.2026 | J29: ","checkStatus":" | K29: In Bearbeitung | L29: "} | AI29: =AH29/(#REF!) -> #REF! | AK29: =AJ29/(#REF!) -> #REF!
B30: E01_Delay | C30: {"Pause":"1000"} | AI30: =AH30/(#REF!) -> #REF! | AK30: =AJ30/(#REF!) -> #REF!
B31: L03_LogoutAndLoginDiffAccount | C31: =E31 -> {"username":"Bern.Sachbearbeiterin@diartis.ch","password":"XXxa22?pdTA66-S@"} | E31: =F31&G31&H31&I31&J31&K31&L31&M31&N31&O31&P31&Q31&R31&S31&T31&U31&V31&W31&X31 -> {"username":"Bern.Sachbearbeiterin@diartis.ch","password":"XXxa22?pdTA66-S@"} | F31: {"username":" | G31: Bern.Sachbearbeiterin@diartis.ch | H31: ","password":" | I31: XXxa22?pdTA66-S@ | J31: "} | AI31: =AH31/(#REF!) -> #REF! | AK31: =AJ31/(#REF!) -> #REF!
B32: E01_Delay | C32: {"Pause":"1000"} | AI32: =AH32/(#REF!) -> #REF! | AK32: =AJ32/(#REF!) -> #REF!
B33: BW02_Bewilligungs_Workflow_Step | C33: =E33 -> {"dossier":p.DossierName1,"buttonName":"Prüfung OK","checkStatus":"In Bearbeitung"} | E33: =F33&G33&H33&I33&J33&K33&L33&M33&N33&O33&P33&Q33&R33&S33&T33&U33&V33&W33&X33 -> {"dossier":p.DossierName1,"buttonName":"Prüfung OK","checkStatus":"In Bearbeitung"} | F33: {"dossier": | G33: p.DossierName1 | H33: ,"buttonName":" | I33: Prüfung OK | J33: ","checkStatus":" | K33: In Bearbeitung | L33: "} | AI33: =AH33/(#REF!) -> #REF! | AK33: =AJ33/(#REF!) -> #REF!
B34: L03_LogoutAndLoginDiffAccount | C34: =E34 -> {"username":"aventis-gemeinde-ma@diartis.ch","password":"#xFymiADPk7wJG/FWMz"} | E34: =F34&G34&H34&I34&J34&K34&L34&M34&N34&O34&P34&Q34&R34&S34&T34&U34&V34&W34&X34 -> {"username":"aventis-gemeinde-ma@diartis.ch","password":"#xFymiADPk7wJG/FWMz"} | F34: {"username":" | G34: aventis-gemeinde-ma@diartis.ch | H34: ","password":" | I34: #xFymiADPk7wJG/FWMz | J34: "} | AI34: =AH34/(#REF!) -> #REF! | AK34: =AJ34/(#REF!) -> #REF!
B35: E01_Delay | C35: {"Pause":"400"} | AI35: =AH35/(#REF!) -> #REF! | AK35: =AJ35/(#REF!) -> #REF!
B36: BW02_Bewilligungs_Workflow_Step | C36: =E36 -> {"dossier":p.DossierName1,"buttonName":"Bewilligen","checkStatus":"Bewilligt"} | E36: =F36&G36&H36&I36&J36&K36&L36&M36&N36&O36&P36&Q36&R36&S36&T36&U36&V36&W36&X36 -> {"dossier":p.DossierName1,"buttonName":"Bewilligen","checkStatus":"Bewilligt"} | F36: {"dossier": | G36: p.DossierName1 | H36: ,"buttonName":" | I36: Bewilligen | J36: ","checkStatus":" | K36: Bewilligt | L36: "} | AI36: =AH36/(#REF!) -> #REF! | AK36: =AJ36/(#REF!) -> #REF!
B37: L03_LogoutAndLoginDiffAccount | C37: =E37 -> {"username":"Bern.Sachbearbeiterin@diartis.ch","password":"XXxa22?pdTA66-S@"} | E37: =F37&G37&H37&I37&J37&K37&L37&M37&N37&O37&P37&Q37&R37&S37&T37&U37&V37&W37&X37 -> {"username":"Bern.Sachbearbeiterin@diartis.ch","password":"XXxa22?pdTA66-S@"} | F37: {"username":" | G37: Bern.Sachbearbeiterin@diartis.ch | H37: ","password":" | I37: XXxa22?pdTA66-S@ | J37: "} | AI37: =AH37/(#REF!) -> #REF! | AK37: =AJ37/(#REF!) -> #REF!
B38: DO11_Dossier_Search_Lupe | C38: =E38 -> {"searchDossierOrKlient":p.DossierName1,"resultType":"Dossiers"} | E38: =F38&G38&H38&I38&J38&K38&L38&M38&N38&O38&P38&Q38&R38&S38&T38&U38&V38&W38&X38 -> {"searchDossierOrKlient":p.DossierName1,"resultType":"Dossiers"} | F38: {"searchDossierOrKlient": | G38: =G36 -> p.DossierName1 | H38: ,"resultType":" | I38: Dossiers | J38: "} | AI38: =AH38/(#REF!) -> #REF! | AK38: =AJ38/(#REF!) -> #REF!
B39: BW03b_Bewilligungs_WF_FreigabeVerwendungsPeriode | C39: =E39 -> {"verwendungPeriode":"November 2024,Oktober 2024","status":"Zu bezahlen"} | E39: {"verwendungPeriode":"November 2024,Oktober 2024","status":"Zu bezahlen"} | F39: {"verwendungPeriode":" | G39: November 2024,Oktober 2024 | J39: ,status":" | K39: Zu bezahlen | L39: } | AI39: =AH39/(#REF!) -> #REF! | AK39: =AJ39/(#REF!) -> #REF!
B40: WSH05_Haftung_Sozialhilfeschuld_Bearbeiten | C40: =E40 -> {"haftungsType":"Einseitige Solidarhaftung erfassen","haftungDurch":`${p.FamilyName7}, ${p.ManFirstName7}`,"haftungVon":"01.01.2024","haftungBis":"31.12.2024","haftungFuer":`${p.FamilyName7}, ${p.ManFirstName8}`,"person1":"","person2":""} | E40: =F40&G40&H40&I40&J40&K40&L40&M40&N40&O40&P40&Q40&R40&S40&T40&U40&V40&W40&X40 -> {"haftungsType":"Einseitige Solidarhaftung erfassen","haftungDurch":`${p.FamilyName7}, ${p.ManFirstName7}`,"haftungVon":"01.01.2024","haftungBis":"31.12.2024","haftungFuer":`${p.FamilyName7}, ${p.ManFirstName8}`,"person1":"","person2":""} | F40: {"haftungsType":" | G40: Einseitige Solidarhaftung erfassen | H40: ","haftungDurch":` | I40: =I23 -> ${p.FamilyName7}, ${p.ManFirstName7} | J40: `,"haftungVon":" | K40: 01.01.2024 | L40: ","haftungBis":" | M40: 31.12.2024 | N40: ","haftungFuer":` | O40: ="${"&$G$5&"}, ${"&$H$59&"}" -> ${p.FamilyName7}, ${p.ManFirstName8} | P40: `,"person1":" | R40: ","person2":" | T40: "} | AI40: =AH40/(#REF!) -> #REF! | AK40: =AJ40/(#REF!) -> #REF!
B41: WSH05_Haftung_Sozialhilfeschuld_Bearbeiten | C41: =E41 -> {"haftungsType":"Einzelhaftung erfassen","haftungDurch":`${p.FamilyName7}, ${p.ManFirstName7}`,"haftungVon":"01.01.2024","haftungBis":"31.12.2024","haftungFuer":`${p.FamilyName7}, ${p.WomanFirstName7}`,"person1":"","person2":""} | E41: =F41&G41&H41&I41&J41&K41&L41&M41&N41&O41&P41&Q41&R41&S41&T41&U41&V41&W41&X41 -> {"haftungsType":"Einzelhaftung erfassen","haftungDurch":`${p.FamilyName7}, ${p.ManFirstName7}`,"haftungVon":"01.01.2024","haftungBis":"31.12.2024","haftungFuer":`${p.FamilyName7}, ${p.WomanFirstName7}`,"person1":"","person2":""} | F41: {"haftungsType":" | G41: Einzelhaftung erfassen | H41: ","haftungDurch":` | I41: =I23 -> ${p.FamilyName7}, ${p.ManFirstName7} | J41: `,"haftungVon":" | K41: 01.01.2024 | L41: ","haftungBis":" | M41: 31.12.2024 | N41: ","haftungFuer":` | O41: ="${"&$G$5&"}, ${"&$H$61&"}" -> ${p.FamilyName7}, ${p.WomanFirstName7} | P41: `,"person1":" | R41: ","person2":" | T41: "} | AI41: =AH41/(#REF!) -> #REF! | AK41: =AJ41/(#REF!) -> #REF!
B42: E01_Delay | C42: {"Pause":"2000"} | AI42: =AH42/(#REF!) -> #REF! | AK42: =AJ42/(#REF!) -> #REF!
B43: A00_BrowserRefresh_F5 | AI43: =AH43/(#REF!) -> #REF! | AK43: =AJ43/(#REF!) -> #REF!
B44: E01_Delay | C44: {"Pause":"2000"} | AI44: =AH44/(#REF!) -> #REF! | AK44: =AJ44/(#REF!) -> #REF!
B45: DO11_Dossier_Search_Lupe | C45: =E45 -> {"searchDossierOrKlient":p.DossierName1,"resultType":"Dossiers"} | E45: =F45&G45&H45&I45&J45&K45&L45&M45&N45&O45&P45&Q45&R45&S45&T45&U45&V45&W45&X45 -> {"searchDossierOrKlient":p.DossierName1,"resultType":"Dossiers"} | F45: {"searchDossierOrKlient": | G45: p.DossierName1 | H45: ,"resultType":" | I45: Dossiers | J45: "} | AI45: =AH45/(#REF!) -> #REF! | AK45: =AJ45/(#REF!) -> #REF!
B46: Z01_WSH_Zahlungen_Freigeben | C46: =E46 -> {"dossierInstitution":p.DossierName1,"freigegebeneZahlungen":"6"} | E46: =F46&G46&H46&I46&J46&K46&L46&M46&N46&O46&P46&Q46&R46&S46&T46&U46&V46&W46&X46 -> {"dossierInstitution":p.DossierName1,"freigegebeneZahlungen":"6"} | F46: {"dossierInstitution": | G46: p.DossierName1 | H46: ,"freigegebeneZahlungen":" | I46: 6 | J46: "} | AI46: =AH46/(#REF!) -> #REF! | AK46: =AJ46/(#REF!) -> #REF!
B47: L03_LogoutAndLoginDiffAccount | C47: =E47 -> {"username":"Bern.Buchhalter@diartis.ch","password":"HBcc73+ppTX42?E."} | E47: =F47&G47&H47&I47&J47&K47&L47&M47&N47&O47&P47&Q47&R47&S47&T47&U47&V47&W47&X47 -> {"username":"Bern.Buchhalter@diartis.ch","password":"HBcc73+ppTX42?E."} | F47: {"username":" | G47: Bern.Buchhalter@diartis.ch | H47: ","password":" | I47: HBcc73+ppTX42?E. | J47: "} | AI47: =AH47/(#REF!) -> #REF! | AK47: =AJ47/(#REF!) -> #REF!
B48: DO11_Dossier_Search_Lupe | C48: =E48 -> {"searchDossierOrKlient":p.DossierName1,"resultType":"Dossiers"} | E48: =F48&G48&H48&I48&J48&K48&L48&M48&N48&O48&P48&Q48&R48&S48&T48&U48&V48&W48&X48 -> {"searchDossierOrKlient":p.DossierName1,"resultType":"Dossiers"} | F48: {"searchDossierOrKlient": | G48: p.DossierName1 | H48: ,"resultType":" | I48: Dossiers | J48: "} | AI48: =AH48/(#REF!) -> #REF! | AK48: =AJ48/(#REF!) -> #REF!
B49: E01_Delay | C49: {"Pause":"1000"} | AI49: =AH49/(#REF!) -> #REF! | AK49: =AJ49/(#REF!) -> #REF!
B50: BU01_ZahlungsAuftrag_Erstellen | C50: =E50 -> {"bisValutaDatum":"31.12.2024","dossier":p.DossierName1,"zahlungenTotal":"CHF 11’918.00"} | E50: =F50&G50&H50&I50&J50&K50&L50&M50&N50&O50&P50&Q50&R50&S50&T50&U50&V50&W50&X50 -> {"bisValutaDatum":"31.12.2024","dossier":p.DossierName1,"zahlungenTotal":"CHF 11’918.00"} | F50: {"bisValutaDatum":" | G50: 31.12.2024 | H50: ","dossier": | I50: =G45 -> p.DossierName1 | J50: ,"zahlungenTotal":" | K50: CHF 11’918.00 | L50: "} | AI50: =AH50/(#REF!) -> #REF! | AK50: =AJ50/(#REF!) -> #REF!
B51: E01_Delay | C51: {"Pause":"1000"} | AI51: =AH51/(#REF!) -> #REF! | AK51: =AJ51/(#REF!) -> #REF!
B52: WSH99_Zahlungen_AnzahlPruefen | C52: =E52 -> {"dossier":0,"ausgefuehrteZahlungen":"6"} | E52: =F52&G52&H52&I52&J52&K52&L52&M52&N52&O52&P52&Q52&R52&S52&T52&U52&V52&W52 -> {"dossier":0,"ausgefuehrteZahlungen":"6"} | F52: {"dossier": | G52: =G59 -> 0 | H52: ,"ausgefuehrteZahlungen":" | I52: =I46 -> 6 | J52: "} | AI52: =AH52/(#REF!) -> #REF! | AK52: =AJ52/(#REF!) -> #REF!
AI53: =AH53/(#REF!) -> #REF! | AK53: =AJ53/(#REF!) -> #REF!
B55: {"url":p.aventisURL}
B56: {"url":"https://dev.aventis.swiss"} | F56: Dossier | G56: ="p.DossierName"&G61 -> p.DossierName7 | H56: ="p.ManFirstName"&G61 -> p.ManFirstName7 | I56: ="p.AHVNumber"&G63 -> p.AHVNumber25 | J56: ="p.BirthdayAdult"&G61 -> p.BirthdayAdult7
B57: {"url":"http://localhost/"} | F57: Mann | G57: ="p.FamilyName"&G61 -> p.FamilyName7 | H57: ="p.WomanFirstName"&G61 -> p.WomanFirstName7 | I57: ="p.AHVNumber"&G63+1 -> p.AHVNumber26 | J57: ="p.BirthdayAdult"&G62 -> p.BirthdayAdult8
B58: {"url":p.aventisURL} | F58: Familie | G58: =G57 -> p.FamilyName7 | H58: ="p.GirlFirstName"&G61 -> p.GirlFirstName7 | I58: ="p.AHVNumber"&G63+2 -> p.AHVNumber27 | J58: ="p.BirthdayKid"&G61 -> p.BirthdayKid7
B59: {"url":"https://dev.aventis.swiss"} | H59: ="p.ManFirstName"&G62 -> p.ManFirstName8 | I59: ="p.AHVNumber"&G63+3 -> p.AHVNumber28 | J59: ="p.BirthdayKid"&G62 -> p.BirthdayKid8
B60: {"url":"https://test.aventis.swiss"} | H60: =H56 -> p.ManFirstName7 | I60: =I56 -> p.AHVNumber25 | J60: =J56 -> p.BirthdayAdult7
B61: {"url":p.aventisURL} | G61: 7 | H61: =H57 -> p.WomanFirstName7 | I61: =I57 -> p.AHVNumber26 | J61: =J57 -> p.BirthdayAdult8
G62: =G61+1 -> 8 | H62: =H58 -> p.GirlFirstName7 | I62: =I58 -> p.AHVNumber27 | J62: =J58 -> p.BirthdayKid7
G63: =G61*4-4+1 -> 25 | H63: =H59 -> p.ManFirstName8 | I63: =I59 -> p.AHVNumber28 | J63: =J59 -> p.BirthdayKid8
B64: Kword muss angepasst werden . Kein Fehler | G64: =G62*4-4+1 -> 29
D65: =MONTH(TODAY()) -> 11 | E65: {=#N/A} -> #N/A | Q65: =TEXT(TEXT(TODAY()-3,"DD")&"."&TEXT(TODAY()-3,"MM")&"."&TEXT(TODAY()-3,"YYYY"),"DD.MM.YYYY") -> 02.11.2025
D66: =D65+1 -> 12 | E66: {=#N/A} -> #N/A
D67: =D66+1 -> 13 | E67: {=#N/A} -> #N/A
D68: =D67+1 -> 14 | E68: {=#N/A} -> #N/A
D69: =D68+1 -> 15 | E69: {=#N/A} -> #N/A
D70: =D69+1 -> 16 | E70: {=#N/A} -> #N/A
D71: =D70+1 -> 17 | E71: {=#N/A} -> #N/A
D73: 10 | E73: {=#N/A} -> #N/A
B75: Achtung Formeln | G75: 1
B76: Oktober 2024 | G76: =G75+1 -> 2
B77: November 2024 | G77: =G75*4-4+1 -> 1
B78: Dezember 2024
B79: Januar 2025 | D79: Achtung Formeln
B80: Februar 2025 | E80: =MONTH(TODAY())+12 -> 23 | F80: {=#N/A} -> #N/A
B81: März 2025 | E81: =E80+1 -> 24 | F81: {=#N/A} -> #N/A
B82: April 2025 | E82: =E81+1 -> 25 | F82: {=#N/A} -> #N/A
E83: =E82+1 -> 26 | F83: {=#N/A} -> #N/A
E84: =E83+1 -> 27 | F84: {=#N/A} -> #N/A
E85: =E84+1 -> 28 | F85: {=#N/A} -> #N/A
E86: =E85+1 -> 29 | F86: {=#N/A} -> #N/A
E88: 13 | F88: {=#N/A} -> #N/A
F91: {=#N/A} -> #N/A
G92: 1 | H92: Januar | I92: 2024
G93: 2 | H93: Februar | I93: 2024
G94: 3 | H94: März | I94: 2024
G95: 4 | H95: April | I95: 2024
G96: 5 | H96: Mai | I96: 2024
G97: 6 | H97: Juni | I97: 2024
G98: 7 | H98: Juli | I98: 2024
G99: 8 | H99: August | I99: 2024
G100: 9 | H100: September | I100: 2024
G101: 10 | H101: Oktober | I101: 2024
G102: 11 | H102: November | I102: 2024
G103: 12 | H103: Dezember | I103: 2024
... G115: 24 | H115: Dezember | I115: 2025

Sheet 08-E2E
A1: StepNumber | B1: Action | C1: TestData | D1: Screenshot | F1: video | G1: =5*60*1000*SpeedFaktor -> 300000 | H1: 10 | AG1: Testresult | AH1: Run Time Step (ms) 26.06.2025 20:17:23 | AI1: Message 26.06.2025 20:17:23 | AJ1: Run Time Step (ms) 26.06.2025 23:17:01 | AK1: Hoch | AL1: 07.08.2025 19:32:03 | AN1: 27.08.2025 20:22:29 | AO1: Message | AP1: 27.08.2025 22:18:08 | AQ1: Message | AR1: 28.08.2025 07:17:13 | AS1: Message | AT1: 28.08.2025 07:22:34 | AU1: Message
A2: 1 | B2: L00_URLAventis | C2: ='07-E2E'!B61 -> {"url":p.aventisURL} | E2: =F2&G2&H2&I2&J2&K2&L2&M2&N2&O2&P2&Q2&R2&S2&T2&U2&V2&W2&X2 -> {"url":"https://dev.aventis.swiss"} | F2: {"url":" | G2: https://dev.aventis.swiss | H2: "} | AH2: 268 | AJ2: 337 | AK2: =AJ2/$AH2 -> 1.2574627 | AL2: 863 | AN2: 374 | AP2: 268 | AR2: 60 | AT2: 124
A3: 2 | B3: M01_LoginMSOnline | C3: =E3 -> {"username":"bern.sozialarbeiterin1b@diartis.ch","password":"VUrh27!yxJA95?W.","fullname":"Sozialarbeiterin 1B Bern","team":"Sozialarbeit Bern 1"} | E3: =F3&G3&H3&I3&J3&K3&L3&M3&N3&O3&P3&Q3&R3&S3&T3&U3&V3&W3&X3 -> {"username":"bern.sozialarbeiterin1b@diartis.ch","password":"VUrh27!yxJA95?W.","fullname":"Sozialarbeiterin 1B Bern","team":"Sozialarbeit Bern 1"} | F3: {"username":" | G3: bern.sozialarbeiterin1b@diartis.ch | H3: ","password":" | I3: VUrh27!yxJA95?W. | J3: ","fullname":" | K3: Sozialarbeiterin 1B Bern | L3: ","team":" | M3: Sozialarbeit Bern 1 | N3: "} | AH3: 3012 | AJ3: 3014 | AK3: =AJ3/$AH3 -> 1.000664 | AL3: 1451 | AN3: 1098 | AP3: 870 | AR3: 0 | AS3: TypeError: Cannot destructure property 'url' of 'undefined' as it is undefined. Screenshots: C:\Aventis\Aventis_Playwright-\test-results\videos\007_KeyWords_Smoketest-08-E2E-08-E2E-Microsoft-Edge\test-failed-1.png Videos: C:\Aventis\Aventis_Playwright-\test-results\videos\007_KeyWords_Smoketest-08-E2E-08-E2E-Microsoft-Edge\video.webm | AT3: 0 | AU3: TypeError: Cannot destructure property 'url' of 'undefined' as it is undefined. Screenshots: C:\Aventis\Aventis_Playwright-\test-results\videos\007_KeyWords_Smoketest-08-E2E-08-E2E-Microsoft-Edge\test-failed-1.png Videos: C:\Aventis\Aventis_Playwright-\test-results\videos\007_KeyWords_Smoketest-08-E2E-08-E2E-Microsoft-Edge\video.webm
A4: 3 | B4: P01_Person_Search | C4: =E4 -> {"name":p.FamilyName8,"vorname":p.ManFirstName8,"ahvNumber":"","geburtsdatum":""} | E4: =F4&G4&H4&I4&J4&K4&L4&M4&N4&O4&P4&Q4&R4&S4&T4&U4&V4&W4&X4 -> {"name":p.FamilyName8,"vorname":p.ManFirstName8,"ahvNumber":"","geburtsdatum":""} | F4: {"name": | G4: =G46 -> p.FamilyName8 | H4: ,"vorname": | I4: =H$45 -> p.ManFirstName8 | J4: ,"ahvNumber":"" | L4: ,"geburtsdatum":" | N4: "} | Y4: B - Aufenthalterin / Aufenthalter | AH4: 4526 | AJ4: 4447 | AK4: =AJ4/$AH4 -> 0.98254529 | AL4: 6744 | AN4: 7196 | AP4: 6273 | AR4: 178 | AT4: 568
A5: 4 | B5: P05_Person_Create_Manual_Complete | C5: =E5 -> {"name":p.FamilyName8,"vorname":p.ManFirstName8,"ahvNumber":p.AHVNumber29,"language":"Deutsch","zivilstand":"ledig","zivilStandSeit":"28.07.2025","geburtsdatum":"8.6.1962","national":"Frankreich","gender":"männlich","aufenthalt":"","aufGultigVon":"03.10.2025","aufGueltigBis":"13.02.2026"} | E5: =F5&G5&H5&I5&J5&K5&L5&M5&N5&O5&P5&Q5&R5&S5&T5&U5&V5&W5&X5&Y5&Z5&AA5&AB5&AC5&AD5&AE5 -> {"name":p.FamilyName8,"vorname":p.ManFirstName8,"ahvNumber":p.AHVNumber29,"language":"Deutsch","zivilstand":"ledig","zivilStandSeit":"28.07.2025","geburtsdatum":"8.6.1962","national":"Frankreich","gender":"männlich","aufenthalt":"","aufGultigVon":"03.10.2025","aufGueltigBis":"13.02.2026"} | F5: {"name": | G5: =G4 -> p.FamilyName8 | H5: ,"vorname": | I5: =H$45 -> p.ManFirstName8 | J5: ,"ahvNumber": | K5: =I45 -> p.AHVNumber29 | L5: ,"language":" | M5: Deutsch | N5: ","zivilstand":" | O5: ledig | P5: ","zivilStandSeit":" | Q5: =TEXT(TEXT(TODAY()-100,"DD")&"."&TEXT(TODAY()-100,"MM")&"."&TEXT(TODAY()-100,"YYYY"),"DD.MM.YYYY") -> 28.07.2025 | R5: ","geburtsdatum":" | S5: =TEXT(RANDBETWEEN(1,28)&"."&RANDBETWEEN(1,12)&"."&TEXT(TODAY()-23115,"YYYY"),"DD.MM.YYYY") -> 8.6.1962 | T5: ","national":" | U5: Frankreich | V5: ","gender":" | W5: männlich | X5: ","aufenthalt":" | Z5: ","aufGultigVon":" | AA5: =TEXT(TEXT(TODAY()-33,"DD")&"."&TEXT(TODAY()-33,"MM")&"."&TEXT(TODAY()-33,"YYYY"),"DD.MM.YYYY") -> 03.10.2025 | AB5: ","aufGueltigBis":" | AC5: =TEXT(TEXT(TODAY()+100,"DD")&"."&TEXT(TODAY()+100,"MM")&"."&TEXT(TODAY()+100,"YYYY"),"DD.MM.YYYY") -> 13.02.2026 | AD5: "} | AH5: 2086 | AJ5: 1871 | AK5: =AJ5/$AH5 -> 0.89693193 | AL5: 1477 | AN5: 1163 | AP5: 439
A6: 5 | B6: P10_Person_Communikation_Complete | C6: =E6 -> {"mobile":"079 5615160","privateNumber":"079 5242225","email":"3491abc@gmail.com"} | E6: =F6&G6&H6&I6&J6&K6&L6&M6&N6&O6&P6&Q6&R6&S6&T6&U6&V6&W6&X6 -> {"mobile":"079 5615160","privateNumber":"079 5242225","email":"3491abc@gmail.com"} | F6: {"mobile":" | G6: ="079 "&RANDBETWEEN(5234500,5699999) -> 079 5615160 | H6: ","privateNumber":" | I6: ="079 "&RANDBETWEEN(5234500,5699999) -> 079 5242225 | J6: ","email":" | K6: =RANDBETWEEN(1111,9999)&"abc@gmail.com" -> 3491abc@gmail.com | L6: "} | AH6: 3047 | AJ6: 2990 | AK6: =AJ6/$AH6 -> 0.98129308 | AL6: 2766 | AN6: 2635 | AP6: 2384
A7: 6 | B7: P15_Person_Adress | C7: =E7 -> {"zusatz":"","strasse":"Strasse_332","houseNumber":"32","ort":"3053 Münchenbuchsee","validDate":"20.12.2021"} | E7: =F7&G7&H7&I7&J7&K7&L7&M7&N7&O7&P7&Q7&R7&S7&T7&U7&V7&W7&X7 -> {"zusatz":"","strasse":"Strasse_332","houseNumber":"32","ort":"3053 Münchenbuchsee","validDate":"20.12.2021"} | F7: {"zusatz":" | H7: ","strasse":" | I7: ="Strasse_"&RANDBETWEEN(1,1000) -> Strasse_332 | J7: ","houseNumber":" | K7: =RANDBETWEEN(1,100) -> 32 | L7: ","ort":" | M7: 3053 Münchenbuchsee | N7: ","validDate":" | O7: =TEXT(RANDBETWEEN(1,28)&"."&RANDBETWEEN(12,12)&"."&TEXT(TODAY()-4*365,"YYYY"),"DD.MM.YYYY") -> 20.12.2021 | P7: "} | AH7: 378 | AJ7: 234 | AK7: =AJ7/$AH7 -> 0.61904762 | AL7: 239 | AN7: 280 | AP7: 147
A8: 7 | B8: P20_Person_ZahlungsVerbindung | C8: {"iban":"CH21 0078 9100 0000 2920 0"} | AH8: 4861 | AJ8: 4692 | AK8: =AJ8/$AH8 -> 0.96523349 | AL8: 4813 | AN8: 1437 | AP8: 1001
A9: 8 | B9: P30_Person_Uebernehmen | AH9: 81 | AJ9: 94 | AK9: =AJ9/$AH9 -> 1.1604938 | AL9: 65 | AN9: 158 | AP9: 66
A10: 9 | B10: H01_Haushalt_Uebernehmen_Zustaendigkeit | C10: =E10 -> {"zust_Gemeinde":"Münchenbuchsee","zust_SozTeam":"Sozialarbeit Bern 1","zust_SozMitarbeiter":"Bern Sozialarbeiterin 1A","zust_SachbTeam":"Sachbearbeitung Bern","zust_SachbMitarbeiter":"Bern Sachbearbeiterin"} | E10: =F10&G10&H10&I10&J10&K10&L10&M10&N10&O10&P10&Q10&R10&S10&T10&U10&V10&W10&X10 -> {"zust_Gemeinde":"Münchenbuchsee","zust_SozTeam":"Sozialarbeit Bern 1","zust_SozMitarbeiter":"Bern Sozialarbeiterin 1A","zust_SachbTeam":"Sachbearbeitung Bern","zust_SachbMitarbeiter":"Bern Sachbearbeiterin"} | F10: {"zust_Gemeinde":" | G10: Münchenbuchsee | H10: ","zust_SozTeam":" | I10: Sozialarbeit Bern 1 | J10: ","zust_SozMitarbeiter":" | K10: Bern Sozialarbeiterin 1A | L10: ","zust_SachbTeam":" | M10: Sachbearbeitung Bern | N10: ","zust_SachbMitarbeiter":" | O10: Bern Sachbearbeiterin | P10: "} | AH10: 1159 | AJ10: 1171 | AK10: =AJ10/$AH10 -> 1.0103538 | AL10: 1160 | AN10: 1210 | AP10: 1146
A11: 10 | B11: D01_Dossier_Eroeffnen | C11: =E11 -> {"dossierBezeichnung":p.DossierName8,"eroeffnetAm":"05.11.2025","dossierSprache":"Deutsch"} | E11: =F11&G11&H11&I11&J11&K11&L11&M11&N11&O11&P11&Q11&R11&S11&T11&U11&V11&W11&X11 -> {"dossierBezeichnung":p.DossierName8,"eroeffnetAm":"05.11.2025","dossierSprache":"Deutsch"} | F11: {"dossierBezeichnung": | G11: =G45 -> p.DossierName8 | H11: ,"eroeffnetAm":" | I11: =TEXT(TEXT(TODAY(),"DD")&"."&TEXT(TODAY(),"MM")&"."&TEXT(TODAY(),"YYYY"),"DD.MM.YYYY") -> 05.11.2025 | J11: ","dossierSprache":" | K11: Deutsch | L11: "} | AH11: 4199 | AJ11: 4049 | AK11: =AJ11/$AH11 -> 0.96427721 | AL11: 4140 | AN11: 4100 | AP11: 3990
A12: 11 | B12: BW04_ZahlungsVerbindung_Freigeben | C12: =E12 -> {"dossierInstitution":p.DossierName8,"klientschaft":`${p.FamilyName8}, ${p.ManFirstName8}`,"buttonBewilligung":"Anfragen","checkStatus":"In Bearbeitung"} | E12: =F12&G12&H12&I12&J12&K12&L12&M12&N12&O12&P12&Q12&R12&S12&T12&U12&V12&W12&X12 -> {"dossierInstitution":p.DossierName8,"klientschaft":`${p.FamilyName8}, ${p.ManFirstName8}`,"buttonBewilligung":"Anfragen","checkStatus":"In Bearbeitung"} | F12: {"dossierInstitution": | G12: =G11 -> p.DossierName8 | H12: ,"klientschaft":` | I12: ="${"&$G$5&"}, ${"&$I$5&"}" -> ${p.FamilyName8}, ${p.ManFirstName8} | J12: `,"buttonBewilligung":" | K12: Anfragen | L12: ","checkStatus":" | M12: In Bearbeitung | N12: "} | AH12: 1522 | AJ12: 1540 | AK12: =AJ12/$AH12 -> 1.0118265 | AL12: 1522 | AN12: 9584 | AP12: 9745
A13: 12 | B13: L03_LogoutAndLoginDiffAccount | C13: =E13 -> {"username":"Bern.Sachbearbeiterin@diartis.ch","password":"XXxa22?pdTA66-S@"} | E13: =F13&G13&H13&I13&J13&K13&L13&M13&N13&O13&P13&Q13&R13&S13&T13&U13&V13&W13&X13 -> {"username":"Bern.Sachbearbeiterin@diartis.ch","password":"XXxa22?pdTA66-S@"} | F13: {"username":" | G13: Bern.Sachbearbeiterin@diartis.ch | H13: ","password":" | I13: XXxa22?pdTA66-S@ | J13: "} | AH13: 10701 | AJ13: 10596 | AK13: =AJ13/$AH13 -> 0.99018783 | AL13: 14665 | AN13: 8024 | AP13: 8508
A14: 13 | B14: BW04_ZahlungsVerbindung_Freigeben | C14: =E14 -> {"dossierInstitution":p.DossierName8,"klientschaft":`${p.FamilyName8}, ${p.ManFirstName8}`,"buttonBewilligung":"Bewilligen","checkStatus":"Bewilligt"} | E14: =F14&G14&H14&I14&J14&K14&L14&M14&N14&O14&P14&Q14&R14&S14&T14&U14&V14&W14&X14 -> {"dossierInstitution":p.DossierName8,"klientschaft":`${p.FamilyName8}, ${p.ManFirstName8}`,"buttonBewilligung":"Bewilligen","checkStatus":"Bewilligt"} | F14: {"dossierInstitution": | G14: =G12 -> p.DossierName8 | H14: ,"klientschaft":` | I14: =I12 -> ${p.FamilyName8}, ${p.ManFirstName8} | J14: `,"buttonBewilligung":" | K14: Bewilligen | L14: ","checkStatus":" | M14: Bewilligt | N14: "} | AH14: 10109 | AJ14: 9610 | AK14: =AJ14/$AH14 -> 0.95063805 | AL14: 10073 | AN14: 12651 | AP14: 11448
A15: 14 | B15: L03_LogoutAndLoginDiffAccount | C15: {"username":"bern.sozialarbeiterin1a@diartis.ch","password":"SMze97-jkSJ59!F."} | E15: =F15&G15&H15&I15&J15&K15&L15&M15&N15&O15&P15&Q15&R15&S15&T15&U15&V15&W15&X15 -> {"username":"bern.sozialarbeiterin1b@diartis.ch","password":"VUrh27!yxJA95?W."} | F15: {"username":" | G15: =G3 -> bern.sozialarbeiterin1b@diartis.ch | H15: ","password":" | I15: =I3 -> VUrh27!yxJA95?W. | J15: "} | AH15: 9903 | AJ15: 10024 | AK15: =AJ15/$AH15 -> 1.0122185 | AL15: 9818 | AN15: 8486 | AP15: 7639
A16: 16 | B16: DO11_Dossier_Search_Lupe | C16: =E16 -> {"searchDossierOrKlient":p.DossierName8,"resultType":"Dossiers"} | E16: =F16&G16&H16&I16&J16&K16&L16&M16&N16&O16&P16&Q16&R16&S16&T16&U16&V16&W16&X16 -> {"searchDossierOrKlient":p.DossierName8,"resultType":"Dossiers"} | F16: {"searchDossierOrKlient": | G16: =G14 -> p.DossierName8 | H16: ,"resultType":" | I16: Dossiers | J16: "} | AH16: 9652 | AJ16: 9517 | AK16: =AJ16/$AH16 -> 0.98601326 | AL16: 9742 | AN16: 12101 | AP16: 10853
A17: 18 | B17: WO32_01b_Wohnsituation_Haushalt_Wohnung_anpassen | C17: =E17 -> {"vermieter":"Graber Immobilien","wohnungsgrosse":"4 Zimmer","mietkosten":1200,"nebenkosten":100} | E17: =F17&G17&H17&I17&J17&K17&L17&M17&N17&O17&P17&Q17&R17&S17&T17&U17&V17&W17&X17 -> {"vermieter":"Graber Immobilien","wohnungsgrosse":"4 Zimmer","mietkosten":1200,"nebenkosten":100} | F17: {"vermieter":" | G17: Graber Immobilien | H17: ","wohnungsgrosse":" | I17: 4 Zimmer | J17: ","mietkosten": | K17: 1200 | L17: ,"nebenkosten": | M17: 100 | N17: } | AH17: 5632 | AJ17: 5705 | AK17: =AJ17/$AH17 -> 1.0129616 | AL17: 6132 | AN17: 4698 | AP17: 5250
A18: 19 | B18: WO30_Wohnsituation_Haushalt_Person_Hinzufuegen | C18: =E18 -> {"name":p.FamilyName8,"vorname":p.ManFirstName9,"geburtsdatum":p.BirthdayKid9,"ahvNumber":p.AHVNumber32,"personInhausltVon":"20.12.2021","inHauslt":"Übernehmen","ereignis":"Eheschliessung"} | E18: =F18&G18&H18&I18&J18&K18&L18&M18&N18&O18&P18&Q18&R18&S18&T18&U18&V18&W18&X18 -> {"name":p.FamilyName8,"vorname":p.ManFirstName9,"geburtsdatum":p.BirthdayKid9,"ahvNumber":p.AHVNumber32,"personInhausltVon":"20.12.2021","inHauslt":"Übernehmen","ereignis":"Eheschliessung"} | F18: {"name": | G18: =G5 -> p.FamilyName8 | H18: ,"vorname": | I18: =H48 -> p.ManFirstName9 | J18: ,"geburtsdatum": | K18: =J48 -> p.BirthdayKid9 | L18: ,"ahvNumber": | M18: =I48 -> p.AHVNumber32 | N18: ,"personInhausltVon":" | O18: =O7 -> 20.12.2021 | P18: ","inHauslt":" | Q18: Übernehmen | R18: ","ereignis":" | S18: Eheschliessung | T18: "} | AH18: 3543 | AJ18: 3481 | AK18: =AJ18/$AH18 -> 0.98250071 | AL18: 3647 | AN18: 7255 | AP18: 4297
A19: 20 | B19: WO30_Wohnsituation_Haushalt_Person_Hinzufuegen | C19: =E19 -> {"name":p.FamilyName8,"vorname":p.WomanFirstName8,"geburtsdatum":p.BirthdayAdult9,"ahvNumber":p.AHVNumber30,"personInhausltVon":"20.12.2021","inHauslt":"Übernehmen","ereignis":"Geburt"} | E19: =F19&G19&H19&I19&J19&K19&L19&M19&N19&O19&P19&Q19&R19&S19&T19&U19&V19&W19&X19 -> {"name":p.FamilyName8,"vorname":p.WomanFirstName8,"geburtsdatum":p.BirthdayAdult9,"ahvNumber":p.AHVNumber30,"personInhausltVon":"20.12.2021","inHauslt":"Übernehmen","ereignis":"Geburt"} | F19: {"name": | G19: =G18 -> p.FamilyName8 | H19: ,"vorname": | I19: =H46 -> p.WomanFirstName8 | J19: ,"geburtsdatum": | K19: =J46 -> p.BirthdayAdult9 | L19: ,"ahvNumber": | M19: =I46 -> p.AHVNumber30 | N19: ,"personInhausltVon":" | O19: =O18 -> 20.12.2021 | P19: ","inHauslt":" | Q19: Übernehmen | R19: ","ereignis":" | S19: Geburt | T19: "} | AH19: 2324 | AJ19: 2582 | AK19: =AJ19/$AH19 -> 1.1110155 | AL19: 2417 | AN19: 2997 | AP19: 3004
A20: 21 | B20: WO30_Wohnsituation_Haushalt_Person_Hinzufuegen | C20: =E20 -> {"name":p.FamilyName8,"vorname":p.GirlFirstName8,"geburtsdatum":p.BirthdayKid8,"ahvNumber":p.AHVNumber31,"personInhausltVon":"20.12.2021","inHauslt":"Übernehmen","ereignis":"Geburt"} | E20: =F20&G20&H20&I20&J20&K20&L20&M20&N20&O20&P20&Q20&R20&S20&T20&U20&V20&W20&X20 -> {"name":p.FamilyName8,"vorname":p.GirlFirstName8,"geburtsdatum":p.BirthdayKid8,"ahvNumber":p.AHVNumber31,"personInhausltVon":"20.12.2021","inHauslt":"Übernehmen","ereignis":"Geburt"} | F20: {"name": | G20: =G19 -> p.FamilyName8 | H20: ,"vorname": | I20: =H47 -> p.GirlFirstName8 | J20: ,"geburtsdatum": | K20: =J47 -> p.BirthdayKid8 | L20: ,"ahvNumber": | M20: =I47 -> p.AHVNumber31 | N20: ,"personInhausltVon":" | O20: =O19 -> 20.12.2021 | P20: ","inHauslt":" | Q20: Übernehmen | R20: ","ereignis":" | S20: Geburt | T20: "} | AH20: 2702 | AJ20: 2886 | AK20: =AJ20/$AH20 -> 1.0680977 | AL20: 5550 | AN20: 2590 | AP20: 2292
A21: 23 | B21: KL01_Klientschaft_select | C21: =E21 -> {"dossier":p.DossierName8,"klientschaft":`${p.FamilyName8}, ${p.ManFirstName8}`} | E21: =F21&G21&H21&I21&J21&K21&L21&M21&N21&O21&P21&Q21&R21&S21&T21&U21&V21&W21&X21 -> {"dossier":p.DossierName8,"klientschaft":`${p.FamilyName8}, ${p.ManFirstName8}`} | F21: {"dossier": | G21: =G16 -> p.DossierName8 | H21: ,"klientschaft":` | I21: ="${"&$G$5&"}, ${"&$I$5&"}" -> ${p.FamilyName8}, ${p.ManFirstName8} | J21: `} | AH21: 4761 | AJ21: 3094 | AK21: =AJ21/$AH21 -> 0.64986347 | AL21: 3362 | AN21: 2888 | AP21: 2367
A22: 24 | B22: KL03_ErwerbsituationEinnahmen_Lohn_erfassen | C22: =E22 -> {"panelTitle":"Erwerbssituation / Einnahmen","zahlbarDurch":"BKW Energie AG","pensumm":"100","betrag":"1000","gueltigVon":"01.01.2024","gueltigBis":"31.12.2025","checkbox":"x"} | E22: =F22&G22&H22&I22&J22&K22&L22&M22&N22&O22&P22&Q22&R22&S22&T22&U22&V22&W22&X22 -> {"panelTitle":"Erwerbssituation / Einnahmen","zahlbarDurch":"BKW Energie AG","pensumm":"100","betrag":"1000","gueltigVon":"01.01.2024","gueltigBis":"31.12.2025","checkbox":"x"} | F22: {"panelTitle":" | G22: Erwerbssituation / Einnahmen | H22: ","zahlbarDurch":" | I22: BKW Energie AG | J22: ","pensumm":" | K22: 100 | L22: ","betrag":" | M22: 1000 | N22: ","gueltigVon":" | O22: ="01.01."&YEAR((TODAY()-366)) -> 01.01.2024 | P22: ","gueltigBis":" | Q22: ="31.12."&YEAR(TODAY()) -> 31.12.2025 | R22: ","checkbox":" | S22: x | T22: "} | AK22: =AJ22/$AH22 -> #DIV/0! | AL22: 7357 | AN22: 6315 | AP22: 7017
A23: 25 | B23: DO11_Dossier_Search_Lupe | C23: =E23 -> {"searchDossierOrKlient":p.DossierName8,"resultType":"Dossiers"} | E23: =F23&G23&H23&I23&J23&K23&L23&M23&N23&O23&P23&Q23&R23&S23&T23&U23&V23&W23&X23 -> {"searchDossierOrKlient":p.DossierName8,"resultType":"Dossiers"} | F23: {"searchDossierOrKlient": | G23: =G14 -> p.DossierName8 | H23: ,"resultType":" | I23: Dossiers | J23: "} | AH23: 4873 | AJ23: 4740 | AK23: =AJ23/$AH23 -> 0.97270675 | AL23: 3510 | AN23: 3375 | AP23: 3550
A24: 33 | B24: KL10_Krankenversicherungen_VVG_erfassen | C24: =F24&G24&H24&I24&J24&K24&L24&M24&N24&O24 &P24&Q24&R24&S24&T24&U24&V24&W24&X24&Y24&Z24&AA24&AB24&AC24 -> {"Klientschaft":`${p.FamilyName8}, ${p.WomanFirstName8}`,"Gueltigkeit":"01.01.2025 - 31.12.2025","KKasse":"Arcosana AG","VersNummer":"123","GrundPraemie":"45","ZahnInklusive":"ja","Franchise":"100","Bemerkung":"Test"} | D24: yes | E24: =F24&G24&H24&I24&J24&K24&L24&M24&N24&O24&P24&Q24&R24&S24&T24&U24&V24&W24&X24 -> {"Klientschaft":`${p.FamilyName8}, ${p.WomanFirstName8}`,"Gueltigkeit":"01.01.2025 - 31.12.2025","KKasse":"Arcosana AG","VersNummer":"123","GrundPraemie":"45","ZahnInklusive":"ja","Franchise":"100","Bemerkung":"Test"} | F24: {"Klientschaft":` | G24: ="${"&$G$19&"}, ${"&$I$19&"}" -> ${p.FamilyName8}, ${p.WomanFirstName8} | H24: `,"Gueltigkeit":" | I24: ="01.01."&YEAR(TODAY())&" - 31.12."&YEAR(TODAY()) -> 01.01.2025 - 31.12.2025 | J24: ","KKasse":" | K24: Arcosana AG | L24: ","VersNummer":" | M24: 123 | N24: ","GrundPraemie":" | O24: 45 | P24: ","ZahnInklusive":" | Q24: ja | R24: ","Franchise":" | S24: 100 | T24: ","Bemerkung":" | U24: Test | V24: "} | AK24: =AJ24/$AH24 -> #DIV/0! | AL24: 2985 | AN24: 5313 | AP24: 5333
A25: 33 | B25: DO11_Dossier_Search_Lupe | C25: =E25 -> {"searchDossierOrKlient":p.DossierName8,"resultType":"Dossiers"} | E25: =F25&G25&H25&I25&J25&K25&L25&M25&N25&O25&P25&Q25&R25&S25&T25&U25&V25&W25&X25 -> {"searchDossierOrKlient":p.DossierName8,"resultType":"Dossiers"} | F25: {"searchDossierOrKlient": | G25: =G14 -> p.DossierName8 | H25: ,"resultType":" | I25: Dossiers | J25: "} | AH25: 4873 | AJ25: 4740 | AK25: =AJ25/$AH25 -> 0.97270675 | AL25: 5510 | AN25: 6021 | AP25: 4801
A26: 27 | B26: A01_AnspruchPruefung_Bedarfspruefung | C26: =E26 -> {"entscheidVom":"05.11.2025","begrundung":"Gar keine Begründung","unterstutzungab":"01.11.2025"} | E26: =F26&G26&H26&I26&J26&K26&L26&M26&N26&O26&P26&Q26&R26&S26&T26&U26&V26&W26&X26 -> {"entscheidVom":"05.11.2025","begrundung":"Gar keine Begründung","unterstutzungab":"01.11.2025"} | F26: {"entscheidVom":" | G26: =TEXT(TEXT(TODAY(),"DD")&"."&TEXT(TODAY(),"MM")&"."&TEXT(TODAY(),"YYYY"),"DD.MM.YYYY") -> 05.11.2025 | H26: ","begrundung":" | I26: Gar keine Begründung | J26: ","unterstutzungab":" | K26: =TEXT(TEXT(1,"DD")&"."&TEXT(TODAY(),"MM")&"."&TEXT(TODAY(),"YYYY"),"DD.MM.YYYY") -> 01.11.2025 | L26: "} | AH26: 5177 | AJ26: 5075 | AK26: =AJ26/$AH26 -> 0.98029747 | AL26: 3031 | AN26: 4481 | AP26: 5060
B27: R01_Rahmenbudget_Wohnkosten_Anpassen_V2 | C27: =E27 -> {"ubernahmeWohnkostenCFH":"100","uebernahmeWohnkostenVon":"01.11.2025","uebernahmeWohnkostenBis":"27.5.2026","uebernahemBegruendung":"Die Wohnungen sind teuer hier"} | E27: =F27&G27&H27&I27&J27&K27&L27&M27&N27&O27&P27&Q27&R27&S27&T27&U27&V27&W27&X27 -> {"ubernahmeWohnkostenCFH":"100","uebernahmeWohnkostenVon":"01.11.2025","uebernahmeWohnkostenBis":"27.5.2026","uebernahemBegruendung":"Die Wohnungen sind teuer hier"} | F27: {"ubernahmeWohnkostenCFH":" | G27: 100 | H27: ","uebernahmeWohnkostenVon":" | I27: ="01."&MONTH(TODAY())&"."&YEAR(TODAY()) -> 01.11.2025 | J27: ","uebernahmeWohnkostenBis":" | K27: ="27."&MONTH(TODAY()+180)&"."&YEAR(TODAY()+180) -> 27.5.2026 | L27: ","uebernahemBegruendung":" | M27: Die Wohnungen sind teuer hier | N27: "} | AH27: 11210 | AJ27: 9943 | AK27: =AJ27/$AH27 -> 0.88697591
A28: 30 | B28: BW01_Bewilligungs_Workflow_LeistungsEntscheid | C28: =E28 -> {"lEvonDate":"05.11.2025","lEbisDate":"05.11.2026","checkStatus":"In Bearbeitung"} | E28: =F28&G28&H28&I28&J28&K28&L28&M28&N28&O28&P28&Q28&R28&S28&T28&U28&V28&W28&X28 -> {"lEvonDate":"05.11.2025","lEbisDate":"05.11.2026","checkStatus":"In Bearbeitung"} | F28: {"lEvonDate":" | G28: =TEXT(TEXT(TODAY(),"DD")&"."&TEXT(TODAY(),"MM")&"."&TEXT(TODAY(),"YYYY"),"DD.MM.YYYY") -> 05.11.2025 | H28: ","lEbisDate":" | I28: =TEXT(TEXT(TODAY(),"DD")&"."&TEXT(TODAY(),"MM")&"."&TEXT(TODAY()+360,"YYYY"),"DD.MM.YYYY") -> 05.11.2026 | J28: ","checkStatus":" | K28: In Bearbeitung | L28: "} | AH28: 1395 | AJ28: 1490 | AK28: =AJ28/$AH28 -> 1.0681004 | AL28: 12717 | AN28: 13142 | AP28: 33738
B29: L03_LogoutAndLoginDiffAccount | C29: =E29 -> {"username":"aventis-gemeinde-ma@diartis.ch","password":"#xFymiADPk7wJG/FWMz"} | E29: =F29&G29&H29&I29&J29&K29&L29&M29&N29&O29&P29&Q29&R29&S29&T29&U29&V29&W29&X29 -> {"username":"aventis-gemeinde-ma@diartis.ch","password":"#xFymiADPk7wJG/FWMz"} | F29: {"username":" | G29: aventis-gemeinde-ma@diartis.ch | H29: ","password":" | I29: #xFymiADPk7wJG/FWMz | J29: "} | AH29: 10769 | AJ29: 10884 | AK29: =AJ29/$AH29 -> 1.0106788 | AL29: 308895
A30: 32 | B30: L03_LogoutAndLoginDiffAccount | C30: =E30 -> {"username":"Bern.Sachbearbeiterin@diartis.ch","password":"XXxa22?pdTA66-S@"} | E30: =F30&G30&H30&I30&J30&K30&L30&M30&N30&O30&P30&Q30&R30&S30&T30&U30&V30&W30&X30 -> {"username":"Bern.Sachbearbeiterin@diartis.ch","password":"XXxa22?pdTA66-S@"} | F30: {"username":" | G30: Bern.Sachbearbeiterin@diartis.ch | H30: ","password":" | I30: XXxa22?pdTA66-S@ | J30: "} | AH30: 8652 | AJ30: 8415 | AK30: =AJ30/$AH30 -> 0.97260749 | AL30: 9207 | AN30: 17716 | AP30: 12639
A31: 34 | B31: BW02b_Bewilligungs_Workflow_Step_V2 | C31: =E31 -> {"dossier":p.DossierName8,"buttonName":"Prüfung OK","checkEntscheid":"Geprüft"} | E31: =F31&G31&H31&I31&J31&K31&L31&M31&N31&O31&P31&Q31&R31&S31&T31&U31&V31&W31&X31 -> {"dossier":p.DossierName8,"buttonName":"Prüfung OK","checkEntscheid":"Geprüft"} | F31: {"dossier": | G31: =G16 -> p.DossierName8 | H31: ,"buttonName":" | I31: Prüfung OK | J31: ","checkEntscheid":" | K31: Geprüft | L31: "} | AH31: 8569 | AJ31: 8674 | AK31: =AJ31/$AH31 -> 1.0122535 | AL31: 10640 | AN31: 11014 | AP31: 11934
A32: 35 | B32: L03_LogoutAndLoginDiffAccount | C32: =E32 -> {"username":"aventis-gemeinde-ma@diartis.ch","password":"#xFymiADPk7wJG/FWMz"} | E32: =F32&G32&H32&I32&J32&K32&L32&M32&N32&O32&P32&Q32&R32&S32&T32&U32&V32&W32&X32 -> {"username":"aventis-gemeinde-ma@diartis.ch","password":"#xFymiADPk7wJG/FWMz"} | F32: {"username":" | G32: aventis-gemeinde-ma@diartis.ch | H32: ","password":" | I32: #xFymiADPk7wJG/FWMz | J32: "} | AH32: 9133 | AJ32: 9029 | AK32: =AJ32/$AH32 -> 0.98861272 | AL32: 9578 | AN32: 8038 | AP32: 8635
A33: 37 | B33: BW02b_Bewilligungs_Workflow_Step_V2 | C33: =E33 -> {"dossier":p.DossierName8,"buttonName":"Bewilligen","checkEntscheid":""} | E33: =F33&G33&H33&I33&J33&K33&L33&M33&N33&O33&P33&Q33&R33&S33&T33&U33&V33&W33&X33 -> {"dossier":p.DossierName8,"buttonName":"Bewilligen","checkEntscheid":""} | F33: {"dossier": | G33: =G31 -> p.DossierName8 | H33: ,"buttonName":" | I33: Bewilligen | J33: ","checkEntscheid":" | L33: "} | AH33: 8024 | AJ33: 7910 | AK33: =AJ33/$AH33 -> 0.98579262 | AL33: 9601 | AN33: 11934 | AP33: 11367
A34: 38 | B34: L03_LogoutAndLoginDiffAccount | C34: =E34 -> {"username":"Bern.Sachbearbeiterin@diartis.ch","password":"XXxa22?pdTA66-S@"} | E34: =F34&G34&H34&I34&J34&K34&L34&M34&N34&O34&P34&Q34&R34&S34&T34&U34&V34&W34&X34 -> {"username":"Bern.Sachbearbeiterin@diartis.ch","password":"XXxa22?pdTA66-S@"} | F34: {"username":" | G34: Bern.Sachbearbeiterin@diartis.ch | H34: ","password":" | I34: XXxa22?pdTA66-S@ | J34: "} | AH34: 10174 | AJ34: 10415 | AK34: =AJ34/$AH34 -> 1.0236878 | AL34: 7118 | AN34: 7213 | AP34: 7250
A35: 40 | B35: DO11_Dossier_Search_Lupe | C35: =E35 -> {"searchDossierOrKlient":p.DossierName8,"resultType":"Dossiers"} | E35: =F35&G35&H35&I35&J35&K35&L35&M35&N35&O35&P35&Q35&R35&S35&T35&U35&V35&W35&X35 -> {"searchDossierOrKlient":p.DossierName8,"resultType":"Dossiers"} | F35: {"searchDossierOrKlient": | G35: =G33 -> p.DossierName8 | H35: ,"resultType":" | I35: Dossiers | J35: "} | AH35: 5444 | AJ35: 5439 | AK35: =AJ35/$AH35 -> 0.99908156 | AL35: 10491 | AN35: 13736 | AP35: 12719
A36: 41 | B36: BW03b_Bewilligungs_WF_FreigabeVerwendungsPeriode | C36: =E36 -> {"verwendungPeriode":"November 2025,Dezember 2025,Januar 2026,Februar 2026,März 2026,April 2026,Mai 2026","status":"Zu bezahlen"} | E36: =F36&G36&H36&I36&J36&K36&L36&M36&N36&O36&P36&Q36&R36&S36&T36&U36&V36&W36 -> {"verwendungPeriode":"November 2025,Dezember 2025,Januar 2026,Februar 2026,März 2026,April 2026,Mai 2026","status":"Zu bezahlen"} | F36: {"verwendungPeriode":" | G36: =F77&","&F78&","&F79&","&F80&","&F81&","&F82&","&F83 -> November 2025,Dezember 2025,Januar 2026,Februar 2026,März 2026,April 2026,Mai 2026 | J36: ","status":" | K36: Zu bezahlen | L36: "} | AH36: 0 | AI36: Error: locator.click: Target page, context or browser has been closedCall log:[2m - waiting for locator('tr').filter({ hasText: 'Familie' }).locator('app-enum-selection mat-select')[22m | AJ36: 5592 | AK36: =AJ36/$AH36 -> #DIV/0! | AL36: 6445 | AN36: 4861 | AP36: 5385
A37: 42 | B37: DO04_Aufgabe_erfassen | C37: =E37 -> {"aufgabenStatus":"Nicht begonnen","aufgabenTitel":"AA_Aufgabe_45966.362062963_1","faelligkeitDatum":"1.11.2026","zugewiesenAn":"Bern Sozialarbeiterin 1B","check":"AA_Aufgabe_45966.362062963_1"} | D37: yes | E37: =F37&G37&H37&I37&J37&K37&L37&M37&N37&O37&P37&Q37&R37&S37&T37&U37&V37&W37 -> {"aufgabenStatus":"Nicht begonnen","aufgabenTitel":"AA_Aufgabe_45966.362062963_1","faelligkeitDatum":"1.11.2026","zugewiesenAn":"Bern Sozialarbeiterin 1B","check":"AA_Aufgabe_45966.362062963_1"} | I37: {"aufgabenStatus":" | J37: Nicht begonnen | K37: ","aufgabenTitel":" | L37: ="AA_Aufgabe_"&NOW()&"_1" -> AA_Aufgabe_45966.362062963_1 | M37: ","faelligkeitDatum":" | N37: =TEXT(DAY(TODAY()-4)&"."&MONTH(TODAY())&"."&TEXT(TODAY()+4*35,"YYYY"),"DD.MM.YYYY") -> 1.11.2026 | O37: ","zugewiesenAn":" | P37: Bern Sozialarbeiterin 1B | Q37: ","check":" | R37: =L37 -> AA_Aufgabe_45966.362062963_1 | S37: "} | AI37: 6660 | AJ37: 0 | AK37: 0 | AL37: 5443 | AN37: 4960 | AP37: 5909
A38: 43 | B38: DO04_Aufgabe_erfassen | C38: =E38 -> {"aufgabenStatus":"Nicht begonnen","aufgabenTitel":"AA_Aufgabe_45966.362062963_2","faelligkeitDatum":"1.11.2026","zugewiesenAn":"Bern Sozialarbeiterin 1B","check":"AA_Aufgabe_45966.362062963_2"} | D38: yes | E38: =F38&G38&H38&I38&J38&K38&L38&M38&N38&O38&P38&Q38&R38&S38&T38&U38&V38&W38 -> {"aufgabenStatus":"Nicht begonnen","aufgabenTitel":"AA_Aufgabe_45966.362062963_2","faelligkeitDatum":"1.11.2026","zugewiesenAn":"Bern Sozialarbeiterin 1B","check":"AA_Aufgabe_45966.362062963_2"} | I38: {"aufgabenStatus":" | J38: Nicht begonnen | K38: ","aufgabenTitel":" | L38: ="AA_Aufgabe_"&NOW()&"_2" -> AA_Aufgabe_45966.362062963_2 | M38: ","faelligkeitDatum":" | N38: =TEXT(DAY(TODAY()-4)&"."&MONTH(TODAY())&"."&TEXT(TODAY()+4*35,"YYYY"),"DD.MM.YYYY") -> 1.11.2026 | O38: ","zugewiesenAn":" | P38: Bern Sozialarbeiterin 1B | Q38: ","check":" | R38: =L38 -> AA_Aufgabe_45966.362062963_2 | S38: "} | AI38: 7101 | AK38: 6486 | AL38: 6909 | AN38: 5842 | AP38: 7392
A39: 44 | B39: DO04_Aufgabe_erfassen | C39: =E39 -> {"aufgabenStatus":"Nicht begonnen","aufgabenTitel":"AA_Aufgabe_45966.362062963_3","faelligkeitDatum":"1.11.2026","zugewiesenAn":"Bern Sozialarbeiterin 1B","check":"AA_Aufgabe_45966.362062963_3"} | D39: yes | E39: =F39&G39&H39&I39&J39&K39&L39&M39&N39&O39&P39&Q39&R39&S39&T39&U39&V39&W39 -> {"aufgabenStatus":"Nicht begonnen","aufgabenTitel":"AA_Aufgabe_45966.362062963_3","faelligkeitDatum":"1.11.2026","zugewiesenAn":"Bern Sozialarbeiterin 1B","check":"AA_Aufgabe_45966.362062963_3"} | I39: {"aufgabenStatus":" | J39: Nicht begonnen | K39: ","aufgabenTitel":" | L39: ="AA_Aufgabe_"&NOW()&"_3" -> AA_Aufgabe_45966.362062963_3 | M39: ","faelligkeitDatum":" | N39: =TEXT(DAY(TODAY()-4)&"."&MONTH(TODAY())&"."&TEXT(TODAY()+4*35,"YYYY"),"DD.MM.YYYY") -> 1.11.2026 | O39: ","zugewiesenAn":" | P39: Bern Sozialarbeiterin 1B | Q39: ","check":" | R39: =L39 -> AA_Aufgabe_45966.362062963_3 | S39: "} | AI39: 6523 | AJ39: 264 | AK39: 6488 | AL39: 7437 | AN39: 4029 | AP39: 3925
B40: DO11_Dossier_Search_Lupe | C40: {"searchDossierOrKlient":p.DossierName8,"resultType":"Dossiers"} | G40: {"searchDossierOrKlient": | H40: p.DossierName8 | I40: ,"resultType":"Dossiers"} | AI40: 11281 | AJ40: 11822 | AK40: 10448 | AL40: 6562 | AN40: 4228 | AP40: 4004
B41: DO04b_Aufgabe_editieren | C41: {"oldFaelligkeitDatum":"11.08.2025","oldAufgabenTitel":"Eine weniger wichtige Aufgabe_013","oldzugewiesenAn":"Bern Sozialarbeiterin 1B","zugewiesenAn":"Bern Sozialarbeiterin 1A","aufgabenTitel":"Ein Neuer Text als Titel 14","status":"In Arbeit","prio":"Wichtig","startDatum":"","notizen":"Eine sehr wichtige Notiz","checklistQtt":3,"checkList":"'Alles wird gut', 'Der Himmel ist blau', 'Das wasser ist grün'","verKnuepfung":"https://www.google.com/"} | D41: Yes | E41: {"oldFaelligkeitDatum":"11.08.2025","oldAufgabenTitel":"Eine weniger wichtige Aufgabe_013","oldzugewiesenAn":"Bern Sozialarbeiterin 1B","zugewiesenAn":"Bern Sozialarbeiterin 1A","aufgabenTitel":"Ein Neuer Text als Titel 14","status":"In Arbeit","prio":"Wichtig","startDatum":"","notizen":"Eine sehr wichtige Notiz","checklistQtt":3,"checkList":"'Alles wird gut', 'Der Himmel ist blau', 'Das wasser ist grün'","verKnuepfung":"https://www.google.com/"} | G41: {"oldFaelligkeitDatum":" | H41: 11.08.2025 | I41: ","oldAufgabenTitel":" | J41: Eine weniger wichtige Aufgabe_013 | K41: ","oldzugewiesenAn":" | L41: Bern Sozialarbeiterin 1B | M41: ","zugewiesenAn":" | N41: Bern Sozialarbeiterin 1A | O41: ","aufgabenTitel":" | P41: Ein Neuer Text als Titel 14 | Q41: ","status":" | R41: In Arbeit | S41: ","prio":" | T41: Wichtig | U41: ","startDatum":" | W41: ","notizen":" | X41: Eine sehr wichtige Notiz | Y41: ","checklistQtt": | Z41: 3 | AA41: ,"checkList":" | AB41: 'Alles wird gut', 'Der Himmel ist blau', 'Das wasser ist grün' | AC41: ","verKnuepfung":" | AD41: https://www.google.com/ | AE41: "} | AI41: 14292 | AJ41: 13767 | AK41: 38938 | AL41: 2970
B42: {"url":"https://dev.aventis.swiss"} | AK42: =AJ42/(#REF!) -> #REF!
B43: {"url":"https://dev.aventis.swiss"} | AK43: =AJ43/(#REF!) -> #REF!
B44: {"url":"http://localhost/"} | AK44: =AJ44/(#REF!) -> #REF!
B45: {"url":p.aventisURL} | E45: {=Choosrows(H58:H81,1)} -> #NAME? | F45: Dossier | G45: ="p.DossierName"&G50 -> p.DossierName8 | H45: ="p.ManFirstName"&G50 -> p.ManFirstName8 | I45: ="p.AHVNumber"&G52 -> p.AHVNumber29 | J45: ="p.BirthdayAdult"&G50 -> p.BirthdayAdult8 | AK45: =AJ45/(#REF!) -> #REF!
E46: Achtung Formeln | F46: Mann | G46: ="p.FamilyName"&G50 -> p.FamilyName8 | H46: ="p.WomanFirstName"&G50 -> p.WomanFirstName8 | I46: ="p.AHVNumber"&G52+1 -> p.AHVNumber30 | J46: ="p.BirthdayAdult"&G51 -> p.BirthdayAdult9 | AK46: =AJ46/(#REF!) -> #REF!
D47: =MONTH(TODAY()) -> 11 | E47: {=_xlfn.CHOOSEROWS(G$58:G$81,D47)&" "&_xlfn.CHOOSEROWS(H$58:H$81,D47)} | F47: Familie | G47: =G46 -> p.FamilyName8 | H47: ="p.GirlFirstName"&G50 -> p.GirlFirstName8 | I47: ="p.AHVNumber"&G52+2 -> p.AHVNumber31 | J47: ="p.BirthdayKid"&G50 -> p.BirthdayKid8 | AK47: =AJ47/(#REF!) -> #REF!
D48: =D47+1 -> 12 | E48: {=_xlfn.CHOOSEROWS(G$58:G$81,D48)&" "&_xlfn.CHOOSEROWS(H$58:H$81,D48)} | H48: ="p.ManFirstName"&G51 -> p.ManFirstName9 | I48: ="p.AHVNumber"&G52+3 -> p.AHVNumber32 | J48: ="p.BirthdayKid"&G51 -> p.BirthdayKid9 | AK48: =AJ48/(#REF!) -> #REF!
D49: =D48+1 -> 13 | E49: {=_xlfn.CHOOSEROWS(G$58:G$81,D49)&" "&_xlfn.CHOOSEROWS(H$58:H$81,D49)} | G49: =G45 -> p.DossierName8 | H49: =H45 -> p.ManFirstName8 | I49: =I45 -> p.AHVNumber29 | J49: =J45 -> p.BirthdayAdult8 | AK49: =AJ49/(#REF!) -> #REF!
D50: =D49+1 -> 14 | E50: {=_xlfn.CHOOSEROWS(G$58:G$81,D50)&" "&_xlfn.CHOOSEROWS(H$58:H$81,D50)} | G50: 8 | H50: =H46 -> p.WomanFirstName8 | I50: =I46 -> p.AHVNumber30 | J50: =J46 -> p.BirthdayAdult9 | AK50: =AJ50/(#REF!) -> #REF!
D51: =D50+1 -> 15 | E51: {=_xlfn.CHOOSEROWS(G$58:G$81,D51)&" "&_xlfn.CHOOSEROWS(H$58:H$81,D51)} | G51: =G50+1 -> 9 | H51: =H47 -> p.GirlFirstName8 | I51: =I47 -> p.AHVNumber31 | J51: =J47 -> p.BirthdayKid8 | AK51: =AJ51/(#REF!) -> #REF!
D52: =D51+1 -> 16 | E52: {=_xlfn.CHOOSEROWS(G$58:G$81,D52)&" "&_xlfn.CHOOSEROWS(H$58:H$81,D52)} | G52: =G50*4-4+1 -> 29 | H52: =H48 -> p.ManFirstName9 | I52: =I48 -> p.AHVNumber32 | J52: =J48 -> p.BirthdayKid9
D53: =D52+1 -> 17 | E53: {=_xlfn.CHOOSEROWS(G$58:G$81,D53)&" "&_xlfn.CHOOSEROWS(H$58:H$81,D53)}
D55: 10 | E55: {=_xlfn.CHOOSEROWS(H58:H81,D55)} -> 0
D76: Achtung Formeln
E77: =MONTH(TODAY()) -> 11 | F77: {=_xlfn.CHOOSEROWS(H$89:H$112,E77)&" "&_xlfn.CHOOSEROWS(I$89:I$112,E77)} -> November 2025
E78: =E77+1 -> 12 | F78: {=_xlfn.CHOOSEROWS(H$89:H$112,E78)&" "&_xlfn.CHOOSEROWS(I$89:I$112,E78)} -> Dezember 2025
E79: =E78+1 -> 13 | F79: {=_xlfn.CHOOSEROWS(H$89:H$112,E79)&" "&_xlfn.CHOOSEROWS(I$89:I$112,E79)} -> Januar 2026
E80: =E79+1 -> 14 | F80: {=_xlfn.CHOOSEROWS(H$89:H$112,E80)&" "&_xlfn.CHOOSEROWS(I$89:I$112,E80)} -> Februar 2026
E81: =E80+1 -> 15 | F81: {=_xlfn.CHOOSEROWS(H$89:H$112,E81)&" "&_xlfn.CHOOSEROWS(I$89:I$112,E81)} -> März 2026
E82: =E81+1 -> 16 | F82: {=_xlfn.CHOOSEROWS(H$89:H$112,E82)&" "&_xlfn.CHOOSEROWS(I$89:I$112,E82)} -> April 2026
E83: =E82+1 -> 17 | F83: {=_xlfn.CHOOSEROWS(H$89:H$112,E83)&" "&_xlfn.CHOOSEROWS(I$89:I$112,E83)} -> Mai 2026
E85: 13 | F85: {=_xlfn.CHOOSEROWS(H$89:H$112,E85)&" "&_xlfn.CHOOSEROWS(I$89:I$112,E85)} -> Januar 2026
F88: {=_xlfn.CHOOSEROWS(H88:H94,3)} -> Februar
G89: 1 | H89: Januar | I89: 2025
G90: 2 | H90: Februar | I90: 2025
G91: 3 | H91: März | I91: 2025
G92: 4 | H92: April | I92: 2025
G93: 5 | H93: Mai | I93: 2025
G94: 6 | H94: Juni | I94: 2025
G95: 7 | H95: Juli | I95: 2025
G96: 8 | H96: August | I96: 2025
G97: 9 | H97: September | I97: 2025
G98: 10 | H98: Oktober | I98: 2025
G99: 11 | H99: November | I99: 2025
G100: 12 | H100: Dezember | I100: 2025
... G112: 24 | H112: Dezember | I112: 2026

Sheet 09-E2E
A1: StepNumber | B1: Action | C1: TestData | D1: Screenshot | E1: done | F1: video | G1: =5*60*1000*SpeedFaktor -> 300000 | AG1: Testresult | AH1: Run Time Step (ms) 26.06.2025 18:59:32 | AI1: Hoch | AJ1: Run Time Step (ms) 26.06.2025 19:56:24 | AK1: Hoch | AL1: Run Time Step (ms) 26.06.2025 23:17:01 | AM1: Hoch
A2: 1 | B2: L00_URLAventis | C2: ='07-E2E'!B61 -> {"url":p.aventisURL} | E2: =F2&G2&H2&I2&J2&K2&L2&M2&N2&O2&P2&Q2&R2&S2&T2&U2&V2&W2&X2 -> {"url":"https://dev.aventis.swiss"} | F2: {"url":" | G2: https://dev.aventis.swiss | H2: "} | AH2: 346 | AI2: =AH2/$AH2 -> 1 | AJ2: 440 | AK2: =AJ2/$AH2 -> 1.2716763 | AL2: 430 | AM2: =AL2/$AH2 -> 1.2427746
A3: 2 | B3: E01_Delay | C3: {"Pause":"3000"} | E3: =F3&G3&H3&I3&J3&K3&L3&M3&N3&O3&P3&Q3&R3&S3&T3&U3&V3&W3&X3 -> {"url":"https://dev.aventis.swiss"} | F3: {"url":" | G3: https://dev.aventis.swiss | H3: "} | AH3: 1088 | AI3: =AH3/$AH3 -> 1 | AJ3: 1277 | AK3: =AJ3/$AH3 -> 1.1737132 | AL3: 1200 | AM3: =AL3/$AH3 -> 1.1029412
A4: 2 | B4: M01_LoginMSOnline | C4: =E4 -> {"username":"bern.sozialarbeiterin1a@diartis.ch","password":"SMze97-jkSJ59!F.","fullname":"Sozialarbeiterin 1A Bern","team":"Sozialarbeit Bern 1"} | E4: =F4&G4&H4&I4&J4&K4&L4&M4&N4&O4&P4&Q4&R4&S4&T4&U4&V4&W4&X4 -> {"username":"bern.sozialarbeiterin1a@diartis.ch","password":"SMze97-jkSJ59!F.","fullname":"Sozialarbeiterin 1A Bern","team":"Sozialarbeit Bern 1"} | F4: {"username":" | G4: bern.sozialarbeiterin1a@diartis.ch | H4: ","password":" | I4: SMze97-jkSJ59!F. | J4: ","fullname":" | K4: Sozialarbeiterin 1A Bern | L4: ","team":" | M4: Sozialarbeit Bern 1 | N4: "} | AH4: 3015 | AI4: =AH4/$AH4 -> 1 | AJ4: 3004 | AK4: =AJ4/$AH4 -> 0.99635158 | AL4: 3003 | AM4: =AL4/$AH4 -> 0.9960199
A5: 3 | B5: P01_Person_Search | C5: =E5 -> {"name":p.FamilyName9,"vorname":p.ManFirstName9,"ahvNumber":"","geburtsdatum":""} | E5: =F5&G5&H5&I5&J5&K5&L5&M5&N5&O5&P5&Q5&R5&S5&T5&U5&V5&W5&X5 -> {"name":p.FamilyName9,"vorname":p.ManFirstName9,"ahvNumber":"","geburtsdatum":""} | F5: {"name": | G5: =G44 -> p.FamilyName9 | H5: ,"vorname": | I5: =H$43 -> p.ManFirstName9 | J5: ,"ahvNumber":"" | L5: ,"geburtsdatum":" | N5: "} | Y5: B - Aufenthalterin / Aufenthalter | AH5: 6616 | AI5: =AH5/$AH5 -> 1 | AJ5: 5921 | AK5: =AJ5/$AH5 -> 0.89495163 | AL5: 5092 | AM5: =AL5/$AH5 -> 0.76964933
A6: 4 | B6: P05_Person_Create_Manual_Complete | C6: =E6 -> {"name":p.FamilyName9,"vorname":p.ManFirstName9,"ahvNumber":p.AHVNumber33,"language":"Deutsch","zivilstand":"ledig","zivilStandSeit":"28.07.2025","geburtsdatum":"17.8.1962","national":"Frankreich","gender":"männlich","aufenthalt":"","aufGultigVon":"03.10.2025","aufGueltigBis":"13.02.2026"} | E6: =F6&G6&H6&I6&J6&K6&L6&M6&N6&O6&P6&Q6&R6&S6&T6&U6&V6&W6&X6&Y6&Z6&AA6&AB6&AC6&AD6&AE6 -> {"name":p.FamilyName9,"vorname":p.ManFirstName9,"ahvNumber":p.AHVNumber33,"language":"Deutsch","zivilstand":"ledig","zivilStandSeit":"28.07.2025","geburtsdatum":"17.8.1962","national":"Frankreich","gender":"männlich","aufenthalt":"","aufGultigVon":"03.10.2025","aufGueltigBis":"13.02.2026"} | F6: {"name": | G6: =G5 -> p.FamilyName9 | H6: ,"vorname": | I6: =H$43 -> p.ManFirstName9 | J6: ,"ahvNumber": | K6: =I43 -> p.AHVNumber33 | L6: ,"language":" | M6: Deutsch | N6: ","zivilstand":" | O6: ledig | P6: ","zivilStandSeit":" | Q6: =TEXT(TEXT(TODAY()-100,"DD")&"."&TEXT(TODAY()-100,"MM")&"."&TEXT(TODAY()-100,"YYYY"),"DD.MM.YYYY") -> 28.07.2025 | R6: ","geburtsdatum":" | S6: =TEXT(RANDBETWEEN(1,28)&"."&RANDBETWEEN(1,12)&"."&TEXT(TODAY()-23115,"YYYY"),"DD.MM.YYYY") -> 17.8.1962 | T6: ","national":" | U6: Frankreich | V6: ","gender":" | W6: männlich | X6: ","aufenthalt":" | Z6: ","aufGultigVon":" | AA6: =TEXT(TEXT(TODAY()-33,"DD")&"."&TEXT(TODAY()-33,"MM")&"."&TEXT(TODAY()-33,"YYYY"),"DD.MM.YYYY") -> 03.10.2025 | AB6: ","aufGueltigBis":" | AC6: =TEXT(TEXT(TODAY()+100,"DD")&"."&TEXT(TODAY()+100,"MM")&"."&TEXT(TODAY()+100,"YYYY"),"DD.MM.YYYY") -> 13.02.2026 | AD6: "} | AH6: 1813 | AI6: =AH6/$AH6 -> 1 | AJ6: 1859 | AK6: =AJ6/$AH6 -> 1.0253723 | AL6: 1906 | AM6: =AL6/$AH6 -> 1.0512962
A7: 5 | B7: P10_Person_Communikation_Complete | C7: =E7 -> {"mobile":"079 5418568","privateNumber":"079 5490119","email":"5825abc@gmail.com"} | E7: =F7&G7&H7&I7&J7&K7&L7&M7&N7&O7&P7&Q7&R7&S7&T7&U7&V7&W7&X7 -> {"mobile":"079 5418568","privateNumber":"079 5490119","email":"5825abc@gmail.com"} | F7: {"mobile":" | G7: ="079 "&RANDBETWEEN(5234500,5699999) -> 079 5418568 | H7: ","privateNumber":" | I7: ="079 "&RANDBETWEEN(5234500,5699999) -> 079 5490119 | J7: ","email":" | K7: =RANDBETWEEN(1111,9999)&"abc@gmail.com" -> 5825abc@gmail.com | L7: "} | AH7: 3098 | AI7: =AH7/$AH7 -> 1 | AJ7: 3057 | AK7: =AJ7/$AH7 -> 0.98676566 | AL7: 2838 | AM7: =AL7/$AH7 -> 0.91607489
A8: 6 | B8: P15_Person_Adress | C8: =E8 -> {"zusatz":"","strasse":"Strasse_723","houseNumber":"9","ort":"3053 Münchenbuchsee","validDate":"10.12.2021"} | E8: =F8&G8&H8&I8&J8&K8&L8&M8&N8&O8&P8&Q8&R8&S8&T8&U8&V8&W8&X8 -> {"zusatz":"","strasse":"Strasse_723","houseNumber":"9","ort":"3053 Münchenbuchsee","validDate":"10.12.2021"} | F8: {"zusatz":" | H8: ","strasse":" | I8: ="Strasse_"&RANDBETWEEN(1,1000) -> Strasse_723 | J8: ","houseNumber":" | K8: =RANDBETWEEN(1,100) -> 9 | L8: ","ort":" | M8: 3053 Münchenbuchsee | N8: ","validDate":" | O8: =TEXT(RANDBETWEEN(1,28)&"."&RANDBETWEEN(1,12)&"."&TEXT(TODAY()-4*365,"YYYY"),"DD.MM.YYYY") -> 10.12.2021 | P8: "} | AH8: 303 | AI8: =AH8/$AH8 -> 1 | AJ8: 257 | AK8: =AJ8/$AH8 -> 0.84818482 | AL8: 273 | AM8: =AL8/$AH8 -> 0.9009901
A9: 7 | B9: P20_Person_ZahlungsVerbindung | C9: {"iban":"CH21 0078 9100 0000 2920 0"} | AH9: 4759 | AI9: =AH9/$AH9 -> 1 | AJ9: 4774 | AK9: =AJ9/$AH9 -> 1.0031519 | AL9: 4714 | AM9: =AL9/$AH9 -> 0.99054423
A10: 8 | B10: P30_Person_Uebernehmen | AH10: 100 | AI10: =AH10/$AH10 -> 1 | AJ10: 75 | AK10: =AJ10/$AH10 -> 0.75 | AL10: 84 | AM10: =AL10/$AH10 -> 0.84
A11: 9 | B11: H01_Haushalt_Uebernehmen_Zustaendigkeit | C11: =E11 -> {"zust_Gemeinde":"Münchenbuchsee","zust_SozTeam":"Sozialarbeit Bern 1","zust_SozMitarbeiter":"Bern Sozialarbeiterin 1A","zust_SachbTeam":"Sachbearbeitung Bern","zust_SachbMitarbeiter":"Bern Sachbearbeiterin"} | E11: =F11&G11&H11&I11&J11&K11&L11&M11&N11&O11&P11&Q11&R11&S11&T11&U11&V11&W11&X11 -> {"zust_Gemeinde":"Münchenbuchsee","zust_SozTeam":"Sozialarbeit Bern 1","zust_SozMitarbeiter":"Bern Sozialarbeiterin 1A","zust_SachbTeam":"Sachbearbeitung Bern","zust_SachbMitarbeiter":"Bern Sachbearbeiterin"} | F11: {"zust_Gemeinde":" | G11: Münchenbuchsee | H11: ","zust_SozTeam":" | I11: Sozialarbeit Bern 1 | J11: ","zust_SozMitarbeiter":" | K11: Bern Sozialarbeiterin 1A | L11: ","zust_SachbTeam":" | M11: Sachbearbeitung Bern | N11: ","zust_SachbMitarbeiter":" | O11: Bern Sachbearbeiterin | P11: "} | AH11: 1184 | AI11: =AH11/$AH11 -> 1 | AJ11: 1181 | AK11: =AJ11/$AH11 -> 0.99746622 | AL11: 1185 | AM11: =AL11/$AH11 -> 1.0008446
A12: 10 | B12: D01_Dossier_Eroeffnen | C12: =E12 -> {"dossierBezeichnung":p.DossierName9,"eroeffnetAm":"05.11.2025","dossierSprache":"Deutsch"} | E12: =F12&G12&H12&I12&J12&K12&L12&M12&N12&O12&P12&Q12&R12&S12&T12&U12&V12&W12&X12 -> {"dossierBezeichnung":p.DossierName9,"eroeffnetAm":"05.11.2025","dossierSprache":"Deutsch"} | F12: {"dossierBezeichnung": | G12: =G43 -> p.DossierName9 | H12: ,"eroeffnetAm":" | I12: =TEXT(TEXT(TODAY(),"DD")&"."&TEXT(TODAY(),"MM")&"."&TEXT(TODAY(),"YYYY"),"DD.MM.YYYY") -> 05.11.2025 | J12: ","dossierSprache":" | K12: Deutsch | L12: "} | AH12: 4094 | AI12: =AH12/$AH12 -> 1 | AJ12: 4225 | AK12: =AJ12/$AH12 -> 1.031998 | AL12: 3937 | AM12: =AL12/$AH12 -> 0.9616512
A13: 11 | B13: BW04_ZahlungsVerbindung_Freigeben | C13: =E13 -> {"dossierInstitution":p.DossierName9,"klientschaft":`${p.FamilyName9}, ${p.ManFirstName9}`,"buttonBewilligung":"Anfragen","checkStatus":"In Bearbeitung"} | E13: =F13&G13&H13&I13&J13&K13&L13&M13&N13&O13&P13&Q13&R13&S13&T13&U13&V13&W13&X13 -> {"dossierInstitution":p.DossierName9,"klientschaft":`${p.FamilyName9}, ${p.ManFirstName9}`,"buttonBewilligung":"Anfragen","checkStatus":"In Bearbeitung"} | F13: {"dossierInstitution": | G13: =G12 -> p.DossierName9 | H13: ,"klientschaft":` | I13: =I23 -> ${p.FamilyName9}, ${p.ManFirstName9} | J13: `,"buttonBewilligung":" | K13: Anfragen | L13: ","checkStatus":" | M13: In Bearbeitung | N13: "} | AH13: 1574 | AI13: =AH13/$AH13 -> 1 | AJ13: 1562 | AK13: =AJ13/$AH13 -> 0.99237611 | AL13: 1572 | AM13: =AL13/$AH13 -> 0.99872935
A14: 12 | B14: L03_LogoutAndLoginDiffAccount | C14: =E14 -> {"username":"Bern.Sachbearbeiterin@diartis.ch","password":"XXxa22?pdTA66-S@"} | E14: =F14&G14&H14&I14&J14&K14&L14&M14&N14&O14&P14&Q14&R14&S14&T14&U14&V14&W14&X14 -> {"username":"Bern.Sachbearbeiterin@diartis.ch","password":"XXxa22?pdTA66-S@"} | F14: {"username":" | G14: Bern.Sachbearbeiterin@diartis.ch | H14: ","password":" | I14: XXxa22?pdTA66-S@ | J14: "} | AH14: 10052 | AI14: =AH14/$AH14 -> 1 | AJ14: 10401 | AK14: =AJ14/$AH14 -> 1.0347195 | AL14: 10897 | AM14: =AL14/$AH14 -> 1.0840629
A15: 13 | B15: BW04_ZahlungsVerbindung_Freigeben | C15: =E15 -> {"dossierInstitution":p.DossierName9,"klientschaft":`${p.FamilyName9}, ${p.ManFirstName9}`,"buttonBewilligung":"Bewilligen","checkStatus":"Bewilligt"} | E15: =F15&G15&H15&I15&J15&K15&L15&M15&N15&O15&P15&Q15&R15&S15&T15&U15&V15&W15&X15 -> {"dossierInstitution":p.DossierName9,"klientschaft":`${p.FamilyName9}, ${p.ManFirstName9}`,"buttonBewilligung":"Bewilligen","checkStatus":"Bewilligt"} | F15: {"dossierInstitution": | G15: =G13 -> p.DossierName9 | H15: ,"klientschaft":` | I15: =I23 -> ${p.FamilyName9}, ${p.ManFirstName9} | J15: `,"buttonBewilligung":" | K15: Bewilligen | L15: ","checkStatus":" | M15: Bewilligt | N15: "} | AH15: 9669 | AI15: =AH15/$AH15 -> 1 | AJ15: 9904 | AK15: =AJ15/$AH15 -> 1.0243045 | AL15: 9777 | AM15: =AL15/$AH15 -> 1.0111697
A16: 14 | B16: L03_LogoutAndLoginDiffAccount | C16: {"username":"bern.sozialarbeiterin1a@diartis.ch","password":"SMze97-jkSJ59!F."} | E16: 2 | F16: {"username":" | G16: Bern.Sachbearbeiterin@diartis.ch | H16: ","password":" | I16: XXxa22?pdTA66-S@ | J16: "} | AH16: 9873 | AI16: =AH16/$AH16 -> 1 | AJ16: 9983 | AK16: =AJ16/$AH16 -> 1.0111415 | AL16: 9832 | AM16: =AL16/$AH16 -> 0.99584726
A17: 16 | B17: DO11_Dossier_Search_Lupe | C17: =E17 -> {"searchDossierOrKlient":p.DossierName9,"resultType":"Dossiers"} | E17: =F17&G17&H17&I17&J17&K17&L17&M17&N17&O17&P17&Q17&R17&S17&T17&U17&V17&W17&X17 -> {"searchDossierOrKlient":p.DossierName9,"resultType":"Dossiers"} | F17: {"searchDossierOrKlient": | G17: =G15 -> p.DossierName9 | H17: ,"resultType":" | I17: Dossiers | J17: "} | AH17: 9739 | AI17: =AH17/$AH17 -> 1 | AJ17: 9573 | AK17: =AJ17/$AH17 -> 0.98295513 | AL17: 9727 | AM17: =AL17/$AH17 -> 0.99876784
A18: 18 | B18: WO32_01b_Wohnsituation_Haushalt_Wohnung_anpassen | C18: =E18 -> {"vermieter":"Graber Immobilien","wohnungsgrosse":"4 Zimmer","mietkosten":1200,"nebenkosten":100} | E18: =F18&G18&H18&I18&J18&K18&L18&M18&N18&O18&P18&Q18&R18&S18&T18&U18&V18&W18&X18 -> {"vermieter":"Graber Immobilien","wohnungsgrosse":"4 Zimmer","mietkosten":1200,"nebenkosten":100} | F18: {"vermieter":" | G18: Graber Immobilien | H18: ","wohnungsgrosse":" | I18: 4 Zimmer | J18: ","mietkosten": | K18: 1200 | L18: ,"nebenkosten": | M18: 100 | N18: } | AH18: 6977 | AI18: =AH18/$AH18 -> 1 | AJ18: 6131 | AK18: =AJ18/$AH18 -> 0.87874445 | AL18: 5740 | AM18: =AL18/$AH18 -> 0.82270317
A19: 19 | B19: WO30_Wohnsituation_Haushalt_Person_Hinzufuegen | C19: =E19 -> {"name":p.FamilyName9,"vorname":p.ManFirstName10,"geburtsdatum":p.BirthdayKid10,"ahvNumber":p.AHVNumber36,"personInhausltVon":"10.12.2021","inHauslt":"Übernehmen","ereignis":"Eheschliessung"} | E19: =F19&G19&H19&I19&J19&K19&L19&M19&N19&O19&P19&Q19&R19&S19&T19&U19&V19&W19&X19 -> {"name":p.FamilyName9,"vorname":p.ManFirstName10,"geburtsdatum":p.BirthdayKid10,"ahvNumber":p.AHVNumber36,"personInhausltVon":"10.12.2021","inHauslt":"Übernehmen","ereignis":"Eheschliessung"} | F19: {"name": | G19: =G6 -> p.FamilyName9 | H19: ,"vorname": | I19: =H46 -> p.ManFirstName10 | J19: ,"geburtsdatum": | K19: =J46 -> p.BirthdayKid10 | L19: ,"ahvNumber": | M19: =I46 -> p.AHVNumber36 | N19: ,"personInhausltVon":" | O19: =O8 -> 10.12.2021 | P19: ","inHauslt":" | Q19: Übernehmen | R19: ","ereignis":" | S19: Eheschliessung | T19: "} | AH19: 3575 | AI19: =AH19/$AH19 -> 1 | AJ19: 3392 | AK19: =AJ19/$AH19 -> 0.94881119 | AL19: 3173 | AM19: =AL19/$AH19 -> 0.88755245
A20: 20 | B20: WO30_Wohnsituation_Haushalt_Person_Hinzufuegen | C20: =E20 -> {"name":p.FamilyName9,"vorname":p.WomanFirstName9,"geburtsdatum":p.BirthdayAdult10,"ahvNumber":p.AHVNumber34,"personInhausltVon":"10.12.2021","inHauslt":"Übernehmen","ereignis":"Geburt"} | E20: =F20&G20&H20&I20&J20&K20&L20&M20&N20&O20&P20&Q20&R20&S20&T20&U20&V20&W20&X20 -> {"name":p.FamilyName9,"vorname":p.WomanFirstName9,"geburtsdatum":p.BirthdayAdult10,"ahvNumber":p.AHVNumber34,"personInhausltVon":"10.12.2021","inHauslt":"Übernehmen","ereignis":"Geburt"} | F20: {"name": | G20: =G19 -> p.FamilyName9 | H20: ,"vorname": | I20: =H44 -> p.WomanFirstName9 | J20: ,"geburtsdatum": | K20: =J44 -> p.BirthdayAdult10 | L20: ,"ahvNumber": | M20: =I44 -> p.AHVNumber34 | N20: ,"personInhausltVon":" | O20: =O19 -> 10.12.2021 | P20: ","inHauslt":" | Q20: Übernehmen | R20: ","ereignis":" | S20: Geburt | T20: "} | AH20: 2201 | AI20: =AH20/$AH20 -> 1 | AJ20: 2345 | AK20: =AJ20/$AH20 -> 1.0654248 | AL20: 2385 | AM20: =AL20/$AH20 -> 1.0835984
A21: 21 | B21: WO30_Wohnsituation_Haushalt_Person_Hinzufuegen | C21: =E21 -> {"name":p.FamilyName9,"vorname":p.GirlFirstName9,"geburtsdatum":p.BirthdayKid9,"ahvNumber":p.AHVNumber35,"personInhausltVon":"10.12.2021","inHauslt":"Übernehmen","ereignis":"Geburt"} | E21: =F21&G21&H21&I21&J21&K21&L21&M21&N21&O21&P21&Q21&R21&S21&T21&U21&V21&W21&X21 -> {"name":p.FamilyName9,"vorname":p.GirlFirstName9,"geburtsdatum":p.BirthdayKid9,"ahvNumber":p.AHVNumber35,"personInhausltVon":"10.12.2021","inHauslt":"Übernehmen","ereignis":"Geburt"} | F21: {"name": | G21: =G20 -> p.FamilyName9 | H21: ,"vorname": | I21: =H45 -> p.GirlFirstName9 | J21: ,"geburtsdatum": | K21: =J45 -> p.BirthdayKid9 | L21: ,"ahvNumber": | M21: =I45 -> p.AHVNumber35 | N21: ,"personInhausltVon":" | O21: =O20 -> 10.12.2021 | P21: ","inHauslt":" | Q21: Übernehmen | R21: ","ereignis":" | S21: Geburt | T21: "} | AH21: 2851 | AI21: =AH21/$AH21 -> 1 | AJ21: 2698 | AK21: =AJ21/$AH21 -> 0.94633462 | AL21: 2845 | AM21: =AL21/$AH21 -> 0.99789548
B22: WO32_01b_Wohnsituation_Haushalt_Wohnung_anpassen | C22: =E22 -> {"vermieter":"Graber Immobilien","wohnungsgrosse":"4 Zimmer","mietkosten":3000,"nebenkosten":300} | E22: =F22&G22&H22&I22&J22&K22&L22&M22&N22&O22&P22&Q22&R22&S22&T22&U22&V22&W22&X22 -> {"vermieter":"Graber Immobilien","wohnungsgrosse":"4 Zimmer","mietkosten":3000,"nebenkosten":300} | F22: {"vermieter":" | G22: Graber Immobilien | H22: ","wohnungsgrosse":" | I22: 4 Zimmer | J22: ","mietkosten": | K22: 3000 | L22: ,"nebenkosten": | M22: 300 | N22: } | AI22: =AH22/$AH22 -> #DIV/0! | AK22: =AJ22/$AH22 -> #DIV/0! | AM22: =AL22/$AH22 -> #DIV/0!
A23: 23 | B23: KL01_Klientschaft_select | C23: =E23 -> {"dossier":p.DossierName9,"klientschaft":`${p.FamilyName9}, ${p.ManFirstName9}`} | E23: =F23&G23&H23&I23&J23&K23&L23&M23&N23&O23&P23&Q23&R23&S23&T23&U23&V23&W23&X23 -> {"dossier":p.DossierName9,"klientschaft":`${p.FamilyName9}, ${p.ManFirstName9}`} | F23: {"dossier": | G23: =G12 -> p.DossierName9 | H23: ,"klientschaft":` | I23: ="${"&$G$5&"}, ${"&$I$5&"}" -> ${p.FamilyName9}, ${p.ManFirstName9} | J23: `} | AH23: 2610 | AI23: =AH23/$AH23 -> 1 | AJ23: 2700 | AK23: =AJ23/$AH23 -> 1.0344828 | AL23: 2733 | AM23: =AL23/$AH23 -> 1.0471264
A24: 24 | B24: KL03_ErwerbsituationEinnahmen_Lohn_erfassen | C24: =E24 -> {"panelTitle":"Erwerbssituation / Einnahmen","zahlbarDurch":"BKW Energie AG","pensumm":"100","betrag":"1000","gueltigVon":"01.01.2024","gueltigBis":"31.12.2025","checkbox":"x"} | E24: =F24&G24&H24&I24&J24&K24&L24&M24&N24&O24&P24&Q24&R24&S24&T24&U24&V24&W24&X24 -> {"panelTitle":"Erwerbssituation / Einnahmen","zahlbarDurch":"BKW Energie AG","pensumm":"100","betrag":"1000","gueltigVon":"01.01.2024","gueltigBis":"31.12.2025","checkbox":"x"} | F24: {"panelTitle":" | G24: Erwerbssituation / Einnahmen | H24: ","zahlbarDurch":" | I24: BKW Energie AG | J24: ","pensumm":" | K24: 100 | L24: ","betrag":" | M24: 1000 | N24: ","gueltigVon":" | O24: ="01.01."&YEAR((TODAY()-366)) -> 01.01.2024 | P24: ","gueltigBis":" | Q24: ="31.12."&YEAR(TODAY()) -> 31.12.2025 | R24: ","checkbox":" | S24: x | T24: "} | AH24: 5310 | AI24: =AH24/$AH24 -> 1 | AJ24: 5369 | AK24: =AJ24/$AH24 -> 1.0111111 | AL24: 5217 | AM24: =AL24/$AH24 -> 0.98248588
A25: 25 | B25: DO11_Dossier_Search_Lupe | C25: =E25 -> {"searchDossierOrKlient":p.DossierName9,"resultType":"Dossiers"} | E25: =F25&G25&H25&I25&J25&K25&L25&M25&N25&O25&P25&Q25&R25&S25&T25&U25&V25&W25&X25 -> {"searchDossierOrKlient":p.DossierName9,"resultType":"Dossiers"} | F25: {"searchDossierOrKlient": | G25: =G23 -> p.DossierName9 | H25: ,"resultType":" | I25: Dossiers | J25: "} | AH25: 3503 | AI25: =AH25/$AH25 -> 1 | AJ25: 3557 | AK25: =AJ25/$AH25 -> 1.0154154 | AL25: 3632 | AM25: =AL25/$AH25 -> 1.0368256
A26: 27 | B26: A01_AnspruchPruefung_Bedarfspruefung | C26: =E26 -> {"entscheidVom":"05.11.2025","begrundung":"Gar keine Begründung","unterstutzungab":"01.11.2025"} | E26: =F26&G26&H26&I26&J26&K26&L26&M26&N26&O26&P26&Q26&R26&S26&T26&U26&V26&W26&X26 -> {"entscheidVom":"05.11.2025","begrundung":"Gar keine Begründung","unterstutzungab":"01.11.2025"} | F26: {"entscheidVom":" | G26: =TEXT(TEXT(TODAY(),"DD")&"."&TEXT(TODAY(),"MM")&"."&TEXT(TODAY(),"YYYY"),"DD.MM.YYYY") -> 05.11.2025 | H26: ","begrundung":" | I26: Gar keine Begründung | J26: ","unterstutzungab":" | K26: =TEXT(TEXT(1,"DD")&"."&TEXT(TODAY(),"MM")&"."&TEXT(TODAY(),"YYYY"),"DD.MM.YYYY") -> 01.11.2025 | L26: "} | AH26: 4833 | AI26: =AH26/$AH26 -> 1 | AJ26: 4967 | AK26: =AJ26/$AH26 -> 1.0277261 | AL26: 4745 | AM26: =AL26/$AH26 -> 0.98179185
B27: R01_Rahmenbudget_Wohnkosten_Anpassen_V2 | C27: =E27 -> {"ubernahmeWohnkostenCFH":"100","uebernahmeWohnkostenVon":"01.11.2025","uebernahmeWohnkostenBis":"27.5.2026","uebernahemBegruendung":"Die Wohnungen sind teuer hier"} | E27: =F27&G27&H27&I27&J27&K27&L27&M27&N27&O27&P27&Q27&R27&S27&T27&U27&V27&W27&X27 -> {"ubernahmeWohnkostenCFH":"100","uebernahmeWohnkostenVon":"01.11.2025","uebernahmeWohnkostenBis":"27.5.2026","uebernahemBegruendung":"Die Wohnungen sind teuer hier"} | F27: {"ubernahmeWohnkostenCFH":" | G27: 100 | H27: ","uebernahmeWohnkostenVon":" | I27: ="01."&MONTH(TODAY())&"."&YEAR(TODAY()) -> 01.11.2025 | J27: ","uebernahmeWohnkostenBis":" | K27: ="27."&MONTH(TODAY()+180)&"."&YEAR(TODAY()+180) -> 27.5.2026 | L27: ","uebernahemBegruendung":" | M27: Die Wohnungen sind teuer hier | N27: "} | AI27: =AH27/$AH27 -> #DIV/0! | AK27: =AJ27/$AH27 -> #DIV/0! | AM27: =AL27/$AH27 -> #DIV/0!
A28: 30 | B28: BW01_Bewilligungs_Workflow_LeistungsEntscheid | C28: =E28 -> {"lEvonDate":"05.11.2025","lEbisDate":"05.11.2026","checkStatus":"In Bearbeitung"} | E28: =F28&G28&H28&I28&J28&K28&L28&M28&N28&O28&P28&Q28&R28&S28&T28&U28&V28&W28&X28 -> {"lEvonDate":"05.11.2025","lEbisDate":"05.11.2026","checkStatus":"In Bearbeitung"} | F28: {"lEvonDate":" | G28: =TEXT(TEXT(TODAY(),"DD")&"."&TEXT(TODAY(),"MM")&"."&TEXT(TODAY(),"YYYY"),"DD.MM.YYYY") -> 05.11.2025 | H28: ","lEbisDate":" | I28: =TEXT(TEXT(TODAY(),"DD")&"."&TEXT(TODAY(),"MM")&"."&TEXT(TODAY()+360,"YYYY"),"DD.MM.YYYY") -> 05.11.2026 | J28: ","checkStatus":" | K28: In Bearbeitung | L28: "} | AH28: 10843 | AI28: =AH28/$AH28 -> 1 | AJ28: 10578 | AK28: =AJ28/$AH28 -> 0.97556027 | AL28: 10172 | AM28: =AL28/$AH28 -> 0.93811676
A29: 31 | B29: L03_LogoutAndLoginDiffAccount | C29: =E29 -> {"username":"aventis-gemeinde-ma@diartis.ch","password":"#xFymiADPk7wJG/FWMz"} | E29: =F29&G29&H29&I29&J29&K29&L29&M29&N29&O29&P29&Q29&R29&S29&T29&U29&V29&W29&X29 -> {"username":"aventis-gemeinde-ma@diartis.ch","password":"#xFymiADPk7wJG/FWMz"} | F29: {"username":" | G29: aventis-gemeinde-ma@diartis.ch | H29: ","password":" | I29: #xFymiADPk7wJG/FWMz | J29: "} | AH29: 10738 | AI29: =AH29/$AH29 -> 1 | AJ29: 10584 | AK29: =AJ29/$AH29 -> 0.98565841 | AL29: 11456 | AM29: =AL29/$AH29 -> 1.0668653
A30: 32 | B30: L03_LogoutAndLoginDiffAccount | C30: =E30 -> {"username":"Bern.Sachbearbeiterin@diartis.ch","password":"XXxa22?pdTA66-S@"} | E30: =F30&G30&H30&I30&J30&K30&L30&M30&N30&O30&P30&Q30&R30&S30&T30&U30&V30&W30&X30 -> {"username":"Bern.Sachbearbeiterin@diartis.ch","password":"XXxa22?pdTA66-S@"} | F30: {"username":" | G30: Bern.Sachbearbeiterin@diartis.ch | H30: ","password":" | I30: XXxa22?pdTA66-S@ | J30: "} | AH30: 8405 | AI30: =AH30/$AH30 -> 1 | AJ30: 8353 | AK30: =AJ30/$AH30 -> 0.99381321 | AL30: 9277 | AM30: =AL30/$AH30 -> 1.1037478
A31: 34 | B31: BW02b_Bewilligungs_Workflow_Step_V2 | C31: =E31 -> {"dossier":p.DossierName9,"buttonName":"Prüfung OK","checkEntscheid":"Geprüft"} | E31: =F31&G31&H31&I31&J31&K31&L31&M31&N31&O31&P31&Q31&R31&S31&T31&U31&V31&W31&X31 -> {"dossier":p.DossierName9,"buttonName":"Prüfung OK","checkEntscheid":"Geprüft"} | F31: {"dossier": | G31: =G25 -> p.DossierName9 | H31: ,"buttonName":" | I31: Prüfung OK | J31: ","checkEntscheid":" | K31: Geprüft | L31: "} | AH31: 10169 | AI31: =AH31/$AH31 -> 1 | AJ31: 9698 | AK31: =AJ31/$AH31 -> 0.95368276 | AL31: 11047 | AM31: =AL31/$AH31 -> 1.0863408
A32: 35 | B32: L03_LogoutAndLoginDiffAccount | C32: =E32 -> {"username":"aventis-gemeinde-ma@diartis.ch","password":"#xFymiADPk7wJG/FWMz"} | E32: =F32&G32&H32&I32&J32&K32&L32&M32&N32&O32&P32&Q32&R32&S32&T32&U32&V32&W32&X32 -> {"username":"aventis-gemeinde-ma@diartis.ch","password":"#xFymiADPk7wJG/FWMz"} | F32: {"username":" | G32: aventis-gemeinde-ma@diartis.ch | H32: ","password":" | I32: #xFymiADPk7wJG/FWMz | J32: "} | AH32: 8840 | AI32: =AH32/$AH32 -> 1 | AJ32: 8735 | AK32: =AJ32/$AH32 -> 0.98812217 | AL32: 8581 | AM32: =AL32/$AH32 -> 0.97070136
A33: 37 | B33: BW02b_Bewilligungs_Workflow_Step_V2 | C33: =E33 -> {"dossier":p.DossierName9,"buttonName":"Bewilligen","checkEntscheid":""} | E33: =F33&G33&H33&I33&J33&K33&L33&M33&N33&O33&P33&Q33&R33&S33&T33&U33&V33&W33&X33 -> {"dossier":p.DossierName9,"buttonName":"Bewilligen","checkEntscheid":""} | F33: {"dossier": | G33: =G31 -> p.DossierName9 | H33: ,"buttonName":" | I33: Bewilligen | J33: ","checkEntscheid":" | L33: "} | AH33: 9762 | AI33: =AH33/$AH33 -> 1 | AJ33: 9668 | AK33: =AJ33/$AH33 -> 0.99037083 | AL33: 11409 | AM33: =AL33/$AH33 -> 1.1687154
A34: 38 | B34: L03_LogoutAndLoginDiffAccount | C34: =E34 -> {"username":"Bern.Sachbearbeiterin@diartis.ch","password":"XXxa22?pdTA66-S@"} | E34: =F34&G34&H34&I34&J34&K34&L34&M34&N34&O34&P34&Q34&R34&S34&T34&U34&V34&W34&X34 -> {"username":"Bern.Sachbearbeiterin@diartis.ch","password":"XXxa22?pdTA66-S@"} | F34: {"username":" | G34: Bern.Sachbearbeiterin@diartis.ch | H34: ","password":" | I34: XXxa22?pdTA66-S@ | J34: "} | AH34: 7874 | AI34: =AH34/$AH34 -> 1 | AJ34: 8109 | AK34: =AJ34/$AH34 -> 1.0298451 | AL34: 7946 | AM34: =AL34/$AH34 -> 1.009144
A35: 40 | B35: DO11_Dossier_Search_Lupe | C35: =E35 -> {"searchDossierOrKlient":p.DossierName9,"resultType":"Dossiers"} | E35: =F35&G35&H35&I35&J35&K35&L35&M35&N35&O35&P35&Q35&R35&S35&T35&U35&V35&W35&X35 -> {"searchDossierOrKlient":p.DossierName9,"resultType":"Dossiers"} | F35: {"searchDossierOrKlient": | G35: =G33 -> p.DossierName9 | H35: ,"resultType":" | I35: Dossiers | J35: "} | AH35: 10271 | AI35: =AH35/$AH35 -> 1 | AJ35: 9399 | AK35: =AJ35/$AH35 -> 0.91510077 | AL35: 10096 | AM35: =AL35/$AH35 -> 0.98296174
B36: BW03b_Bewilligungs_WF_FreigabeVerwendungsPeriode | C36: =E36 -> {"verwendungPeriode":"November 2025,Dezember 2025,Januar 2026,Februar 2026,März 2026,April 2026,Mai 2026","status":"Zu bezahlen"} | E36: =F36&G36&H36&I36&J36&K36&L36&M36&N36&O36&P36&Q36&R36&S36&T36&U36&V36&W36 -> {"verwendungPeriode":"November 2025,Dezember 2025,Januar 2026,Februar 2026,März 2026,April 2026,Mai 2026","status":"Zu bezahlen"} | F36: {"verwendungPeriode":" | G36: =E56&","&E57&","&E58&","&E59&","&E60&","&E61&","&E62 -> November 2025,Dezember 2025,Januar 2026,Februar 2026,März 2026,April 2026,Mai 2026 | J36: ","status":" | K36: Zu bezahlen | L36: "} | AI36: =AH36/$AH36 -> #DIV/0! | AK36: =AJ36/$AH36 -> #DIV/0! | AM36: =AL36/$AH36 -> #DIV/0!
B37: WSH05_Haftung_Sozialhilfeschuld_Bearbeiten | C37: =E37 -> {"haftungsType":"Einseitige Solidarhaftung erfassen","haftungDurch":`${p.FamilyName9}, ${p.ManFirstName9}`,"haftungVon":"01.01.2024","haftungBis":"31.12.2024","haftungFuer":`${p.FamilyName9}, ${p.ManFirstName10}`,"person1":"","person2":""} | E37: =F37&G37&H37&I37&J37&K37&L37&M37&N37&O37&P37&Q37&R37&S37&T37&U37&V37&W37&X37 -> {"haftungsType":"Einseitige Solidarhaftung erfassen","haftungDurch":`${p.FamilyName9}, ${p.ManFirstName9}`,"haftungVon":"01.01.2024","haftungBis":"31.12.2024","haftungFuer":`${p.FamilyName9}, ${p.ManFirstName10}`,"person1":"","person2":""} | F37: {"haftungsType":" | G37: Einseitige Solidarhaftung erfassen | H37: ","haftungDurch":` | I37: =I23 -> ${p.FamilyName9}, ${p.ManFirstName9} | J37: `,"haftungVon":" | K37: 01.01.2024 | L37: ","haftungBis":" | M37: 31.12.2024 | N37: ","haftungFuer":` | O37: ="${"&$G$5&"}, ${"&$H$46&"}" -> ${p.FamilyName9}, ${p.ManFirstName10} | P37: `,"person1":" | R37: ","person2":" | T37: "} | AI37: =AH37/$AH37 -> #DIV/0! | AK37: =AJ37/$AH37 -> #DIV/0! | AM37: =AL37/$AH37 -> #DIV/0!
B38: WSH05_Haftung_Sozialhilfeschuld_Bearbeiten | C38: =E38 -> {"haftungsType":"Einzelhaftung erfassen","haftungDurch":`${p.FamilyName9}, ${p.ManFirstName9}`,"haftungVon":"01.01.2024","haftungBis":"31.12.2024","haftungFuer":`${p.FamilyName9}, ${p.GirlFirstName9}`,"person1":"","person2":""} | E38: =F38&G38&H38&I38&J38&K38&L38&M38&N38&O38&P38&Q38&R38&S38&T38&U38&V38&W38&X38 -> {"haftungsType":"Einzelhaftung erfassen","haftungDurch":`${p.FamilyName9}, ${p.ManFirstName9}`,"haftungVon":"01.01.2024","haftungBis":"31.12.2024","haftungFuer":`${p.FamilyName9}, ${p.GirlFirstName9}`,"person1":"","person2":""} | F38: {"haftungsType":" | G38: Einzelhaftung erfassen | H38: ","haftungDurch":` | I38: =I23 -> ${p.FamilyName9}, ${p.ManFirstName9} | J38: `,"haftungVon":" | K38: 01.01.2024 | L38: ","haftungBis":" | M38: 31.12.2024 | N38: ","haftungFuer":` | O38: ="${"&$G$5&"}, ${"&$H$45&"}" -> ${p.FamilyName9}, ${p.GirlFirstName9} | P38: `,"person1":" | R38: ","person2":" | T38: "} | AI38: =AH38/(#REF!) -> #REF! | AK38: =AJ38/(#REF!) -> #REF! | AM38: =AL38/(#REF!) -> #REF!
AI39: =AH39/(#REF!) -> #REF! | AK39: =AJ39/(#REF!) -> #REF! | AM39: =AL39/(#REF!) -> #REF!
B40: {"url":"https://dev.aventis.swiss"} | AI40: =AH40/(#REF!) -> #REF! | AK40: =AJ40/(#REF!) -> #REF! | AM40: =AL40/(#REF!) -> #REF!
B41: {"url":"https://dev.aventis.swiss"} | AI41: =AH41/(#REF!) -> #REF! | AK41: =AJ41/(#REF!) -> #REF! | AM41: =AL41/(#REF!) -> #REF!
B42: {"url":"http://localhost/"} | AI42: =AH42/(#REF!) -> #REF! | AK42: =AJ42/(#REF!) -> #REF! | AM42: =AL42/(#REF!) -> #REF!
B43: {"url":p.aventisURL} | E43: {=Choosrows(H56:H79,1)} -> #NAME? | F43: Dossier | G43: ="p.DossierName"&G48 -> p.DossierName9 | H43: ="p.ManFirstName"&G48 -> p.ManFirstName9 | I43: ="p.AHVNumber"&G50 -> p.AHVNumber33 | J43: ="p.BirthdayAdult"&G48 -> p.BirthdayAdult9 | AI43: =AH43/(#REF!) -> #REF! | AK43: =AJ43/(#REF!) -> #REF! | AM43: =AL43/(#REF!) -> #REF!
E44: Achtung Formeln | F44: Mann | G44: ="p.FamilyName"&G48 -> p.FamilyName9 | H44: ="p.WomanFirstName"&G48 -> p.WomanFirstName9 | I44: ="p.AHVNumber"&G50+1 -> p.AHVNumber34 | J44: ="p.BirthdayAdult"&G49 -> p.BirthdayAdult10 | AI44: =AH44/(#REF!) -> #REF! | AK44: =AJ44/(#REF!) -> #REF! | AM44: =AL44/(#REF!) -> #REF!
D45: =MONTH(TODAY()) -> 11 | E45: {=_xlfn.CHOOSEROWS(G$53:G$76,D45)&" "&_xlfn.CHOOSEROWS(H$53:H$76,D45)} | F45: Familie | G45: =G44 -> p.FamilyName9 | H45: ="p.GirlFirstName"&G48 -> p.GirlFirstName9 | I45: ="p.AHVNumber"&G50+2 -> p.AHVNumber35 | J45: ="p.BirthdayKid"&G48 -> p.BirthdayKid9 | AI45: =AH45/(#REF!) -> #REF! | AK45: =AJ45/(#REF!) -> #REF! | AM45: =AL45/(#REF!) -> #REF!
D46: =D45+1 -> 12 | E46: {=_xlfn.CHOOSEROWS(G$53:G$76,D46)&" "&_xlfn.CHOOSEROWS(H$53:H$76,D46)} | H46: ="p.ManFirstName"&G49 -> p.ManFirstName10 | I46: ="p.AHVNumber"&G50+3 -> p.AHVNumber36 | J46: ="p.BirthdayKid"&G49 -> p.BirthdayKid10 | AI46: =AH46/(#REF!) -> #REF! | AK46: =AJ46/(#REF!) -> #REF! | AM46: =AL46/(#REF!) -> #REF!
D47: =D46+1 -> 13 | E47: {=_xlfn.CHOOSEROWS(G$53:G$76,D47)&" "&_xlfn.CHOOSEROWS(H$53:H$76,D47)} | G47: =G43 -> p.DossierName9 | H47: =H43 -> p.ManFirstName9 | I47: =I43 -> p.AHVNumber33 | J47: =J43 -> p.BirthdayAdult9 | AI47: =AH47/(#REF!) -> #REF! | AK47: =AJ47/(#REF!) -> #REF! | AM47: =AL47/(#REF!) -> #REF!
D48: =D47+1 -> 14 | E48: {=_xlfn.CHOOSEROWS(G$53:G$76,D48)&" "&_xlfn.CHOOSEROWS(H$53:H$76,D48)} | G48: 9 | H48: =H44 -> p.WomanFirstName9 | I48: =I44 -> p.AHVNumber34 | J48: =J44 -> p.BirthdayAdult10 | AI48: =AH48/(#REF!) -> #REF! | AK48: =AJ48/(#REF!) -> #REF! | AM48: =AL48/(#REF!) -> #REF!
D49: =D48+1 -> 15 | E49: {=_xlfn.CHOOSEROWS(G$53:G$76,D49)&" "&_xlfn.CHOOSEROWS(H$53:H$76,D49)} | G49: =G48+1 -> 10 | H49: =H45 -> p.GirlFirstName9 | I49: =I45 -> p.AHVNumber35 | J49: =J45 -> p.BirthdayKid9 | AI49: =AH49/(#REF!) -> #REF! | AK49: =AJ49/(#REF!) -> #REF! | AM49: =AL49/(#REF!) -> #REF!
D50: =D49+1 -> 16 | E50: {=_xlfn.CHOOSEROWS(G$53:G$76,D50)&" "&_xlfn.CHOOSEROWS(H$53:H$76,D50)} -> Januar 2025 | G50: =G48*4-4+1 -> 33 | H50: =H46 -> p.ManFirstName10 | I50: =I46 -> p.AHVNumber36 | J50: =J46 -> p.BirthdayKid10 | AI50: =AH50/(#REF!) -> #REF! | AK50: =AJ50/(#REF!) -> #REF! | AM50: =AL50/(#REF!) -> #REF!
D51: =D50+1 -> 17 | E51: {=_xlfn.CHOOSEROWS(G$53:G$76,D51)&" "&_xlfn.CHOOSEROWS(H$53:H$76,D51)} -> Februar 2025
D53: 10 | E53: {=_xlfn.CHOOSEROWS(H56:H79,D53)} -> 0
D56: =MONTH(TODAY()) -> 11 | E56: {=_xlfn.CHOOSEROWS(G$68:G$91,D56)&" "&_xlfn.CHOOSEROWS(H$68:H$91,D56)} -> November 2025 | Q56: =TEXT(TEXT(TODAY()-3,"DD")&"."&TEXT(TODAY()-3,"MM")&"."&TEXT(TODAY()-3,"YYYY"),"DD.MM.YYYY") -> 02.11.2025
D57: =D56+1 -> 12 | E57: {=_xlfn.CHOOSEROWS(G$68:G$91,D57)&" "&_xlfn.CHOOSEROWS(H$68:H$91,D57)} -> Dezember 2025
D58: =D57+1 -> 13 | E58: {=_xlfn.CHOOSEROWS(G$68:G$91,D58)&" "&_xlfn.CHOOSEROWS(H$68:H$91,D58)} -> Januar 2026
D59: =D58+1 -> 14 | E59: {=_xlfn.CHOOSEROWS(G$68:G$91,D59)&" "&_xlfn.CHOOSEROWS(H$68:H$91,D59)} -> Februar 2026
D60: =D59+1 -> 15 | E60: {=_xlfn.CHOOSEROWS(G$68:G$91,D60)&" "&_xlfn.CHOOSEROWS(H$68:H$91,D60)} -> März 2026
D61: =D60+1 -> 16 | E61: {=_xlfn.CHOOSEROWS(G$68:G$91,D61)&" "&_xlfn.CHOOSEROWS(H$68:H$91,D61)} -> April 2026
D62: =D61+1 -> 17 | E62: {=_xlfn.CHOOSEROWS(G$68:G$91,D62)&" "&_xlfn.CHOOSEROWS(H$68:H$91,D62)} -> Mai 2026
D63: =D62+1 -> 18 | E63: {=_xlfn.CHOOSEROWS(G$68:G$91,D63)&" "&_xlfn.CHOOSEROWS(H$68:H$91,D63)} -> Juni 2026
D64: =D63+1 -> 19 | E64: {=_xlfn.CHOOSEROWS(G$68:G$91,D64)&" "&_xlfn.CHOOSEROWS(H$68:H$91,D64)} -> Juli 2026
D65: =D64+1 -> 20 | E65: {=_xlfn.CHOOSEROWS(G$68:G$91,D65)&" "&_xlfn.CHOOSEROWS(H$68:H$91,D65)} -> August 2026
D66: =D65+1 -> 21 | E66: {=_xlfn.CHOOSEROWS(G$68:G$91,D66)&" "&_xlfn.CHOOSEROWS(H$68:H$91,D66)} -> September 2026
D67: =D66+1 -> 22 | E67: {=_xlfn.CHOOSEROWS(G$68:G$91,D67)&" "&_xlfn.CHOOSEROWS(H$68:H$91,D67)} -> Oktober 2026
F68: 1 | G68: Januar | H68: 2025
F69: 2 | G69: Februar | H69: 2025
F70: 3 | G70: März | H70: 2025
F71: 4 | G71: April | H71: 2025
F72: 5 | G72: Mai | H72: 2025
F73: 6 | G73: Juni | H73: 2025
F74: 7 | G74: Juli | H74: 2025
F75: 8 | G75: August | H75: 2025
F76: 9 | G76: September | H76: 2025
F77: 10 | G77: Oktober | H77: 2025
F78: 11 | G78: November | H78: 2025
F79: 12 | G79: Dezember | H79: 2025
... F91: 24 | G91: Dezember | H91: 2026
G96: 22 | H96: Oktober | I96: 2025
G97: 23 | H97: November | I97: 2025
G98: 24 | H98: Dezember | I98: 2025

Sheet DB01
A1: StepNumber | B1: Action | C1: TestData | D1: Screenshot | F1: video | G1: =5*60*1000*SpeedFaktor -> 300000 | H1: 10 | AG1: Testresult | AH1: Run Time Step (ms) 27.06.2025 00:08:11 | AI1: Hoch | AJ1: Run Time Step (ms) 27.06.2025 10:30:47 | AK1: Hoch | AL1: 27.08.2025 20:22:29
A2: 1 | B2: L00_URLAventis | C2: ='07-E2E'!B61 -> {"url":p.aventisURL} | AH2: 1388 | AI2: =AH2/$AH2 -> 1 | AJ2: 1588 | AK2: =AJ2/$AH2 -> 1.1440922 | AL2: 1812
A3: 2 | B3: M01_LoginMSOnline | C3: =E3 -> {"username":"bern.sozialarbeiterin1a@diartis.ch","password":"SMze97-jkSJ59!F.","fullname":"Sozialarbeiterin 1A Bern","team":"Sozialarbeit Bern 1"} | E3: =F3&G3&H3&I3&J3&K3&L3&M3&N3&O3&P3&Q3&R3&S3&T3&U3&V3&W3&X3 -> {"username":"bern.sozialarbeiterin1a@diartis.ch","password":"SMze97-jkSJ59!F.","fullname":"Sozialarbeiterin 1A Bern","team":"Sozialarbeit Bern 1"} | F3: {"username":" | G3: bern.sozialarbeiterin1a@diartis.ch | H3: ","password":" | I3: SMze97-jkSJ59!F. | J3: ","fullname":" | K3: Sozialarbeiterin 1A Bern | L3: ","team":" | M3: Sozialarbeit Bern 1 | N3: "} | AH3: 3012 | AJ3: 3014 | AK3: =AJ3/$AH3 -> 1.000664 | AL3: 7915
A4: 3 | B4: DB01_DataBrowser_aufrufen | C4: =E4&F4&G4&H4&I4&J4&K4&L4&M4&N4&O4&P4&Q4&R4&S4 -> {"thema":"Ermittlungen","fitlerName":"Sozialarbeiter","fitlerValue":"Yasmin Voser","checkItemsEqualOrMore":4} | D4: yes | F4: {"thema":" | G4: Ermittlungen | H4: ","fitlerName":" | I4: Sozialarbeiter | J4: ","fitlerValue":" | K4: Yasmin Voser | L4: ","checkItemsEqualOrMore": | M4: 4 | N4: } | AH4: 11766 | AI4: =AH4/$AH4 -> 1 | AJ4: 14440 | AK4: =AJ4/$AH4 -> 1.227265
E16: 2

Sheet DO04d
A1: StepNumber | B1: Action | C1: TestData | D1: Screenshot | F1: video | G1: =1*60*1000*SpeedFaktor -> 60000 | H1: 100 | AG1: Testresult | AH1: Run Time Step (ms) 27.06.2025 00:08:11 | AI1: Hoch | AJ1: Run Time Step (ms) 27.06.2025 10:30:47 | AK1: Hoch | AL1: 27.08.2025 20:22:29 | AM1: Message | AN1: 27.08.2025 22:18:08 | AO1: Message | AP1: 28.08.2025 07:17:13 | AQ1: Message | AR1: 28.08.2025 07:22:34 | AS1: Message
A2: 1 | B2: L00_URLAventis | C2: ='07-E2E'!B61 -> {"url":p.aventisURL} | AH2: 1388 | AI2: =AH2/$AH2 -> 1 | AJ2: 1588 | AK2: =AJ2/$AH2 -> 1.1440922 | AL2: 1218 | AN2: 1136 | AP2: 0 | AQ2: TypeError: Cannot destructure property 'url' of 'undefined' as it is undefined. Screenshots: C:\Aventis\Aventis_Playwright-\test-results\videos\007_KeyWords_Smoketest-DO04d-DO04d-Microsoft-Edge\test-failed-1.png Videos: C:\Aventis\Aventis_Playwright-\test-results\videos\007_KeyWords_Smoketest-DO04d-DO04d-Microsoft-Edge\video.webm | AR2: 0 | AS2: TypeError: Cannot destructure property 'url' of 'undefined' as it is undefined. Screenshots: C:\Aventis\Aventis_Playwright-\test-results\videos\007_KeyWords_Smoketest-DO04d-DO04d-Microsoft-Edge\test-failed-1.png Videos: C:\Aventis\Aventis_Playwright-\test-results\videos\007_KeyWords_Smoketest-DO04d-DO04d-Microsoft-Edge\video.webm
A3: 2 | B3: M01_LoginMSOnline | C3: =E3 -> {"username":"bern.sozialarbeiterin1a@diartis.ch","password":"SMze97-jkSJ59!F.","fullname":"Sozialarbeiterin 1A Bern","team":"Sozialarbeit Bern 1"} | E3: =F3&G3&H3&I3&J3&K3&L3&M3&N3&O3&P3&Q3&R3&S3&T3&U3&V3&W3&X3 -> {"username":"bern.sozialarbeiterin1a@diartis.ch","password":"SMze97-jkSJ59!F.","fullname":"Sozialarbeiterin 1A Bern","team":"Sozialarbeit Bern 1"} | F3: {"username":" | G3: bern.sozialarbeiterin1a@diartis.ch | H3: ","password":" | I3: SMze97-jkSJ59!F. | J3: ","fullname":" | K3: Sozialarbeiterin 1A Bern | L3: ","team":" | M3: Sozialarbeit Bern 1 | N3: "} | AH3: 3012 | AJ3: 3014 | AK3: =AJ3/$AH3 -> 1.000664 | AL3: 7818 | AN3: 7725 | AP3: 177 | AR3: 544
A4: 3 | B4: DO04d_Aufgaben_filtern_selektieren | C4: =E4&F4&G4&H4&I4&J4&K4&L4&M4&N4&O4&P4&Q4&R4&S4&T4&U4 -> {"dossier":p.DossierName8,"zugewMitarbeiter":"Bern Sozialarbeiterin 1B","erstelltDurch":"Bern Sachbearbeiterin","status":"","aufGabeTitel":"AA_Aufgabe_45966.362062963_1","datum":"1.11.2026","notiz":"Eine wichtige Notiz durch update"} | D4: yes | F4: {"dossier": | G4: ='08-E2E'!G12 -> p.DossierName8 | H4: ,"zugewMitarbeiter":" | I4: Bern Sozialarbeiterin 1B | J4: ","erstelltDurch":" | K4: Bern Sachbearbeiterin | L4: ","status":" | N4: ","aufGabeTitel":" | O4: ='08-E2E'!L37 -> AA_Aufgabe_45966.362062963_1 | P4: ","datum":" | Q4: ='08-E2E'!N37 -> 1.11.2026 | R4: ","notiz":" | S4: Eine wichtige Notiz durch update | U4: "} | AH4: 11766 | AI4: =AH4/$AH4 -> 1 | AJ4: 14440 | AK4: =AJ4/$AH4 -> 1.227265 | AL4: 0 | AM4: Error: locator.click: Test timeout of 600000ms exceeded.Call log:[2m - waiting for locator('app-aufgabe-card:has-text(\'AA_Aufgabe45896_45896.834397338_1\'):has-text(\'23.8.2026\')').first()[22m Screenshots: C:\Aventis\Aventis_Playwright-\test-results\videos\007_KeyWords_Smoketest-DO04d-DO04d-Microsoft-Edge\test-failed-1.png Videos: C:\Aventis\Aventis_Playwright-\test-results\videos\007_KeyWords_Smoketest-DO04d-DO04d-Microsoft-Edge\video.webm | AN4: 0 | AO4: Error: locator.click: Test timeout of 1080000ms exceeded.Call log:[2m - waiting for locator('app-aufgabe-card:has-text(\'AA_Aufgabe45896_45896.907519213_1\'):has-text(\'23.8.2026\')').first()[22m Screenshots: C:\Aventis\Aventis_Playwright-\test-results\videos\007_KeyWords_Smoketest-DO04d-DO04d-Microsoft-Edge\test-failed-1.png Videos: C:\Aventis\Aventis_Playwright-\test-results\videos\007_KeyWords_Smoketest-DO04d-DO04d-Microsoft-Edge\video.webm
M5: I
M7: Nicht begonnen,In Arbeit
C8: Fehler erfasst zu viele Einträge verhindern ein korrektes GUI
O9: AA_Aufgabe45896_45896.3809446759_3
E16: 2

Sheet DO04e
A1: StepNumber | B1: Action | C1: TestData | D1: Screenshot | F1: video | G1: =1*60*1000*SpeedFaktor -> 60000 | H1: 100 | AG1: Testresult | AH1: Run Time Step (ms) 27.06.2025 00:08:11 | AI1: Hoch | AJ1: Run Time Step (ms) 27.06.2025 10:30:47 | AK1: Hoch | AL1: 27.08.2025 20:22:29 | AM1: Message | AN1: 27.08.2025 22:18:08 | AO1: Message | AP1: 28.08.2025 07:22:34 | AQ1: Message
A2: 1 | B2: L00_URLAventis | C2: ='07-E2E'!B61 -> {"url":p.aventisURL} | AH2: 1388 | AI2: =AH2/$AH2 -> 1 | AJ2: 1588 | AK2: =AJ2/$AH2 -> 1.1440922 | AL2: 1385 | AN2: 1408 | AP2: 0 | AQ2: TypeError: Cannot destructure property 'url' of 'undefined' as it is undefined. Screenshots: C:\Aventis\Aventis_Playwright-\test-results\videos\007_KeyWords_Smoketest-DO04e-DO04e-Microsoft-Edge\test-failed-1.png Videos: C:\Aventis\Aventis_Playwright-\test-results\videos\007_KeyWords_Smoketest-DO04e-DO04e-Microsoft-Edge\video.webm
A3: 2 | B3: M01_LoginMSOnline | C3: =E3 -> {"username":"bern.sozialarbeiterin1a@diartis.ch","password":"SMze97-jkSJ59!F.","fullname":"Sozialarbeiterin 1A Bern","team":"Sozialarbeit Bern 1"} | E3: =F3&G3&H3&I3&J3&K3&L3&M3&N3&O3&P3&Q3&R3&S3&T3&U3&V3&W3&X3 -> {"username":"bern.sozialarbeiterin1a@diartis.ch","password":"SMze97-jkSJ59!F.","fullname":"Sozialarbeiterin 1A Bern","team":"Sozialarbeit Bern 1"} | F3: {"username":" | G3: bern.sozialarbeiterin1a@diartis.ch | H3: ","password":" | I3: SMze97-jkSJ59!F. | J3: ","fullname":" | K3: Sozialarbeiterin 1A Bern | L3: ","team":" | M3: Sozialarbeit Bern 1 | N3: "} | AH3: 3012 | AJ3: 3014 | AK3: =AJ3/$AH3 -> 1.000664 | AL3: 8078 | AN3: 8128 | AP3: 984
A4: 3 | B4: DO04e_zuAufgabe_Dokument_hinzufuegen | C4: =E4&F4&G4&H4&I4&J4&K4&L4&M4&N4&O4&P4&Q4&R4&S4&T4&U4&V4 -> {"dossier":p.DossierName8,"zugewMitarbeiter":"Bern Sozialarbeiterin 1A","erstelltDurch":"Bern Sozialarbeiterin 1B","status":"nicht begonnen,in Arbeit,Erledigt","aufGabeTitel":"AA_Aufgabe_45966.362062963_1","datum":"05.11:2025","dokumentName":"Interinstitutionelle Zusammenarbeit","linkName":"ein wichtiger Link"} | D4: yes | F4: {"dossier": | G4: ='08-E2E'!G12 -> p.DossierName8 | H4: ,"zugewMitarbeiter":" | I4: Bern Sozialarbeiterin 1A | J4: ","erstelltDurch":" | K4: Bern Sozialarbeiterin 1B | L4: ","status":" | M4: nicht begonnen,in Arbeit,Erledigt | N4: ","aufGabeTitel":" | O4: ='08-E2E'!L37 -> AA_Aufgabe_45966.362062963_1 | P4: ","datum":" | Q4: =TEXT(TODAY(),"DD.MM:YYYY") -> 05.11:2025 | R4: ","dokumentName":" | S4: Interinstitutionelle Zusammenarbeit | T4: ","linkName":" | U4: ein wichtiger Link | V4: "} | AH4: 11766 | AI4: =AH4/$AH4 -> 1 | AJ4: 14440 | AK4: =AJ4/$AH4 -> 1.227265
C5: dossier and dokumentName are mandatory rest optional
C7: 1_E2E_2025.7.17|17:0:59_611
E16: 2
B23: c

Sheet DW01
A1: StepNumber | B1: Action | C1: TestData | D1: Screenshot | F1: video | G1: =5*60*1000*SpeedFaktor -> 300000 | H1: 10 | AG1: Testresult | AH1: Run Time Step (ms) 27.06.2025 00:08:11 | AI1: Hoch | AJ1: Run Time Step (ms) 27.06.2025 10:30:47 | AK1: Hoch | AL1: 07.08.2025 20:58:26
A2: 1 | B2: L00_URLAventis | C2: ='07-E2E'!B61 -> {"url":p.aventisURL} | AH2: 1388 | AI2: =AH2/$AH2 -> 1 | AJ2: 1588 | AK2: =AJ2/$AH2 -> 1.1440922 | AL2: 1598
A3: 2 | B3: M01_LoginMSOnline | C3: =E3 -> {"username":"bern.sozialarbeiterin1a@diartis.ch","password":"SMze97-jkSJ59!F.","fullname":"Sozialarbeiterin 1A Bern","team":"Sozialarbeit Bern 1"} | E3: =F3&G3&H3&I3&J3&K3&L3&M3&N3&O3&P3&Q3&R3&S3&T3&U3&V3&W3&X3 -> {"username":"bern.sozialarbeiterin1a@diartis.ch","password":"SMze97-jkSJ59!F.","fullname":"Sozialarbeiterin 1A Bern","team":"Sozialarbeit Bern 1"} | F3: {"username":" | G3: bern.sozialarbeiterin1a@diartis.ch | H3: ","password":" | I3: SMze97-jkSJ59!F. | J3: ","fullname":" | K3: Sozialarbeiterin 1A Bern | L3: ","team":" | M3: Sozialarbeit Bern 1 | N3: "} | AH3: 3012 | AJ3: 3014 | AK3: =AJ3/$AH3 -> 1.000664 | AL3: 6360
A4: 3 | B4: DW01_Dossier_Haushalt_pruefen | C4: =E4 -> {"dossier":p.DossierName8,"zimmerWohnungTitel":"4-Zimmer-Wohnung","strasseAdresse":"Strasse_332 32, 3053 Münchenbuchsee","Wohnkosten":1300,"beWohnerContains":`${p.ManFirstName9},${p.WomanFirstName8},${p.GirlFirstName8},${p.ManFirstName8}`,"gueltigAb":"20.12.2021"} | D4: yes | E4: =F4&G4&H4&I4&J4&K4&L4&M4&N4&O4&P4&Q4&R4&S4&T4&U4&V4&W4&X4 -> {"dossier":p.DossierName8,"zimmerWohnungTitel":"4-Zimmer-Wohnung","strasseAdresse":"Strasse_332 32, 3053 Münchenbuchsee","Wohnkosten":1300,"beWohnerContains":`${p.ManFirstName9},${p.WomanFirstName8},${p.GirlFirstName8},${p.ManFirstName8}`,"gueltigAb":"20.12.2021"} | F4: {"dossier": | G4: p.DossierName8 | H4: ,"zimmerWohnungTitel":" | I4: 4-Zimmer-Wohnung | J4: ","strasseAdresse":" | K4: ='08-E2E'!I7&" "&'08-E2E'!K7&", "&'08-E2E'!M7 -> Strasse_332 32, 3053 Münchenbuchsee | L4: ","Wohnkosten": | M4: 1300 | N4: ,"beWohnerContains":`${ | O4: p.ManFirstName9},${p.WomanFirstName8},${p.GirlFirstName8},${p.ManFirstName8 | P4: }`,"gueltigAb":" | Q4: =TEXT('08-E2E'!O7,"DD.MM.YYYY") -> 20.12.2021 | R4: "} | AH4: 11766 | AI4: 1 | AJ4: 14440 | AK4: 1.227265 | AL4: 0
K6: Strasse_680 15, 3053 Münchenbuchsee
Q8: =TEXT(RANDBETWEEN(1,28)&"."&RANDBETWEEN(1,12)&"."&TEXT(TODAY()-4*365,"YYYY"),"DD.MM.YYYY") -> 13.4.2021
E16: 2

Sheet DW02
A1: StepNumber | B1: Action | C1: TestData | D1: Screenshot | F1: video | G1: =5*60*1000*SpeedFaktor -> 300000 | H1: 10 | AG1: Testresult | AH1: Run Time Step (ms) 27.06.2025 00:08:11 | AI1: Hoch | AJ1: Run Time Step (ms) 27.06.2025 10:30:47 | AK1: Hoch
A2: 1 | B2: L00_URLAventis | C2: ='07-E2E'!B61 -> {"url":p.aventisURL} | AH2: 1388 | AI2: =AH2/$AH2 -> 1 | AJ2: 1588 | AK2: =AJ2/$AH2 -> 1.1440922
A3: 2 | B3: M01_LoginMSOnline | C3: =E3 -> {"username":"bern.sozialarbeiterin1a@diartis.ch","password":"SMze97-jkSJ59!F.","fullname":"Sozialarbeiterin 1A Bern","team":"Sozialarbeit Bern 1"} | E3: =F3&G3&H3&I3&J3&K3&L3&M3&N3&O3&P3&Q3&R3&S3&T3&U3&V3&W3&X3 -> {"username":"bern.sozialarbeiterin1a@diartis.ch","password":"SMze97-jkSJ59!F.","fullname":"Sozialarbeiterin 1A Bern","team":"Sozialarbeit Bern 1"} | F3: {"username":" | G3: bern.sozialarbeiterin1a@diartis.ch | H3: ","password":" | I3: SMze97-jkSJ59!F. | J3: ","fullname":" | K3: Sozialarbeiterin 1A Bern | L3: ","team":" | M3: Sozialarbeit Bern 1 | N3: "} | AH3: 3012 | AJ3: 3014 | AK3: =AJ3/$AH3 -> 1.000664
A4: 3 | B4: DW02_Rahmenbudget_Wohnkosten_pruefen | C4: =E4&F4&G4&H4&I4&J4&K4&L4&M4&N4&O4&P4&Q4&R4&S4 -> {"dossier":p.DossierName8,"firstLevelBetrag":1250,"wohnKostenGemAnspruch":1250,"uebernommeneWohnkosten":1250,"totalWohnkosten":1300} | D4: yes | F4: {"dossier": | G4: ='08-E2E'!G12 -> p.DossierName8 | H4: ,"firstLevelBetrag": | I4: 1250 | J4: ,"wohnKostenGemAnspruch": | K4: 1250 | L4: ,"uebernommeneWohnkosten": | M4: 1250 | N4: ,"totalWohnkosten": | O4: 1300 | R4: } | AH4: 11766 | AI4: =AH4/$AH4 -> 1 | AJ4: 14440 | AK4: =AJ4/$AH4 -> 1.227265
E16: 2

Sheet R09
A1: StepNumber | B1: Action | C1: TestData | D1: Screenshot | F1: video | G1: =5*60*1000*SpeedFaktor -> 300000 | H1: 10 | AG1: Testresult | AH1: Run Time Step (ms) 27.06.2025 00:08:11 | AI1: Hoch | AJ1: Run Time Step (ms) 27.06.2025 10:30:47 | AK1: Hoch | AL1: 07.08.2025 20:58:26 | AN1: 27.08.2025 20:22:29 | AO1: Message | AP1: 27.08.2025 22:18:08 | AQ1: Message | AR1: 28.08.2025 07:22:34 | AS1: Message
A2: 1 | B2: L00_URLAventis | C2: ='07-E2E'!B61 -> {"url":p.aventisURL} | AH2: 1388 | AI2: =AH2/$AH2 -> 1 | AJ2: 1588 | AK2: =AJ2/$AH2 -> 1.1440922 | AL2: 1665 | AN2: 1236 | AP2: 1044 | AR2: 0 | AS2: TypeError: Cannot destructure property 'url' of 'undefined' as it is undefined. Screenshots: C:\Aventis\Aventis_Playwright-\test-results\videos\007_KeyWords_Smoketest-R09-R09-Microsoft-Edge\test-failed-1.png Videos: C:\Aventis\Aventis_Playwright-\test-results\videos\007_KeyWords_Smoketest-R09-R09-Microsoft-Edge\video.webm
A3: 2 | B3: M01_LoginMSOnline | C3: =E3 -> {"username":"bern.sozialarbeiterin1a@diartis.ch","password":"SMze97-jkSJ59!F.","fullname":"Sozialarbeiterin 1A Bern","team":"Sozialarbeit Bern 1"} | E3: =F3&G3&H3&I3&J3&K3&L3&M3&N3&O3&P3&Q3&R3&S3&T3&U3&V3&W3&X3 -> {"username":"bern.sozialarbeiterin1a@diartis.ch","password":"SMze97-jkSJ59!F.","fullname":"Sozialarbeiterin 1A Bern","team":"Sozialarbeit Bern 1"} | F3: {"username":" | G3: bern.sozialarbeiterin1a@diartis.ch | H3: ","password":" | I3: SMze97-jkSJ59!F. | J3: ","fullname":" | K3: Sozialarbeiterin 1A Bern | L3: ","team":" | M3: Sozialarbeit Bern 1 | N3: "} | AH3: 3012 | AJ3: 3014 | AK3: =AJ3/$AH3 -> 1.000664 | AL3: 6629 | AN3: 9397 | AP3: 7501 | AR3: 701
A4: 3 | B4: E01_Delay | C4: {"Pause":"300"} | AH4: 308 | AI4: =AH4/$AH4 -> 1 | AJ4: 318 | AK4: =AJ4/$AH4 -> 1.0324675 | AL4: 305 | AN4: 307 | AP4: 305
A5: 4 | B5: R09_RahmenBudget_Wohnsituation_AnzeigenPruefen | C5: =E5&F5&G5&H5&I5&J5&K5&L5&M5&N5 &O5&P5&Q5&R5&S5&T5&U5&V5&W5&X5&Y5&Z5&AA5&AB5 -> {"dossier":p.DossierName8,"checkUebernomWohnKosten":1250} | D5: yes | F5: {"dossier": | G5: ='08-E2E'!G11 -> p.DossierName8 | H5: ,"checkUebernomWohnKosten": | I5: 1250 | J5: } | AH5: 11766 | AI5: =AH5/$AH5 -> 1 | AJ5: 14440 | AK5: =AJ5/$AH5 -> 1.227265 | AL5: 0 | AN5: 7435 | AP5: 7471
A6: 3 | B6: E01_Delay | C6: {"Pause":"3000"} | AH6: 308 | AI6: =AH6/$AH6 -> 1 | AJ6: 318 | AK6: =AJ6/$AH6 -> 1.0324675 | AL6: 305 | AN6: 307 | AP6: 305
B8: R09_RahmenBudget_Wohnsituation_AnzeigenPruefen | C8: {"dossier":p.DossierName3,"checkUebernomWohnKosten":1350}
E16: 2

Sheet Summary
A1: Config | B1: Value
A2: Timeout | B2: 1000
A3: Expect Timeout | B3: 1
A4: Retries | B4: process.env.CI ? 2 : 0
A5: Video | B5: mode: 'on', size: { width: 1920, height: 1080
A6: Browser | B6: Microsoft Edge
A7: Viewport | B7: { width: 1920, height: 1080 }
A8: SlowMo | B8: N/A
A9: workers | B9: 1
A10: headed | B10: Yes
A11: Report Generated On: | B11: 2025.08.28_27.22.34
A12: AventisURL | B12: https://qa.aventis.swiss
